Gmt time,Open,High,Low,Close,Volume
01.02.2020 00:00:00.000,1589.325,1589.325,1589.325,1589.325,0
02.02.2020 00:00:00.000,1593.388,1593.488,1587.525,1589.345,1547999.9781
03.02.2020 00:00:00.000,1589.395,1590.015,1569.188,1578.725,51794326.7822
04.02.2020 00:00:00.000,1578.685,1579.545,1548.965,1554.018,50779262.5427
05.02.2020 00:00:00.000,1554.028,1562.368,1547.425,1556.005,48532394.4092
06.02.2020 00:00:00.000,1556.055,1568.178,1552.385,1565.745,43847789.7644
07.02.2020 00:00:00.000,1565.765,1574.008,1559.875,1570.198,86380546.5698
08.02.2020 00:00:00.000,1570.198,1570.198,1570.198,1570.198,0
09.02.2020 00:00:00.000,1571.248,1576.578,1568.898,1574.745,1927960.0382
10.02.2020 00:00:00.000,1574.745,1576.928,1567.905,1571.895,48349826.8127
11.02.2020 00:00:00.000,1571.898,1573.978,1561.925,1567.045,55102348.3276
12.02.2020 00:00:00.000,1566.988,1571.325,1561.728,1569.718,48447063.446
13.02.2020 00:00:00.000,1569.708,1578.248,1569.018,1577.248,61976688.385
14.02.2020 00:00:00.000,1577.145,1584.948,1572.975,1583.648,43951869.9646
15.02.2020 00:00:00.000,1583.648,1583.648,1583.648,1583.648,0
16.02.2020 00:00:00.000,1581.858,1583.068,1580.325,1582.878,886919.9753
17.02.2020 00:00:00.000,1582.968,1585.415,1578.798,1584.205,18346260.0708
18.02.2020 00:00:00.000,1584.165,1605.018,1584.155,1600.805,59534778.595
19.02.2020 00:00:00.000,1600.815,1612.888,1599.455,1610.295,58038619.9951
20.02.2020 00:00:00.000,1610.335,1623.658,1603.785,1622.035,60137496.9482
21.02.2020 00:00:00.000,1622.085,1649.165,1618.895,1643.148,83025337.2192
22.02.2020 00:00:00.000,1643.148,1643.148,1643.148,1643.148,0
23.02.2020 00:00:00.000,1654.598,1680.605,1651.748,1665.465,2604000.0916
24.02.2020 00:00:00.000,1665.475,1689.255,1650.838,1653.825,116475723.2666
25.02.2020 00:00:00.000,1653.805,1658.695,1624.898,1639.778,140659942.627
26.02.2020 00:00:00.000,1639.755,1654.895,1624.785,1643.508,114406234.7412
27.02.2020 00:00:00.000,1643.508,1660.368,1635.145,1645.665,192095458.9844
28.02.2020 00:00:00.000,1645.628,1648.118,1562.848,1585.435,157453140.2588
29.02.2020 00:00:00.000,1585.435,1585.435,1585.435,1585.435,0
01.03.2020 00:00:00.000,1591.378,1592.958,1575.315,1584.795,2837929.9641
02.03.2020 00:00:00.000,1584.805,1610.958,1581.515,1591.895,214103622.4365
03.03.2020 00:00:00.000,1591.895,1652.548,1589.658,1645.748,192358032.2266
04.03.2020 00:00:00.000,1645.798,1649.265,1631.798,1636.535,184562103.2715
05.03.2020 00:00:00.000,1636.508,1674.838,1635.518,1674.498,147807708.7402
06.03.2020 00:00:00.000,1674.518,1692.088,1642.128,1673.548,176631561.2793
07.03.2020 00:00:00.000,1673.548,1673.548,1673.548,1673.548,0
08.03.2020 00:00:00.000,1694.895,1703.318,1678.725,1700.078,6238729.9538
09.03.2020 00:00:00.000,1700.048,1702.968,1657.308,1666.415,137090850.8301
10.03.2020 00:00:00.000,1666.415,1671.365,1641.495,1652.265,127600288.3911
11.03.2020 00:00:00.000,1652.245,1671.158,1632.935,1643.655,108265899.6582
12.03.2020 00:00:00.000,1643.645,1649.965,1560.508,1576.618,121886367.7979
13.03.2020 00:00:00.000,1576.628,1597.825,1504.398,1529.348,134209579.4678
14.03.2020 00:00:00.000,1529.348,1529.348,1529.348,1529.348,0
15.03.2020 00:00:00.000,1567.348,1575.305,1539.395,1557.458,6354697.2275
16.03.2020 00:00:00.000,1557.908,1560.718,1451.148,1507.195,115803703.3081
17.03.2020 00:00:00.000,1507.155,1553.808,1465.468,1537.568,119113685.6079
18.03.2020 00:00:00.000,1537.558,1539.828,1472.625,1497.888,119877243.042
19.03.2020 00:00:00.000,1498.058,1498.638,1454.898,1471.258,86364311.2183
20.03.2020 00:00:00.000,1471.228,1516.045,1470.668,1498.698,74499938.9648
21.03.2020 00:00:00.000,1498.698,1498.698,1498.698,1498.698,0
22.03.2020 00:00:00.000,1503.768,1508.148,1482.258,1491.375,4285069.9425
23.03.2020 00:00:00.000,1491.395,1567.398,1484.978,1566.815,82866989.1357
24.03.2020 00:00:00.000,1566.815,1639.180,1557.015,1630.105,47900646.2097
25.03.2020 00:00:00.000,1630.105,1631.705,1594.682,1610.148,46321090.6982
26.03.2020 00:00:00.000,1610.098,1645.052,1595.301,1625.748,33974613.1897
27.03.2020 00:00:00.000,1625.748,1631.098,1612.838,1626.148,36669281.0059
28.03.2020 00:00:00.000,1626.148,1626.148,1626.148,1626.148,0
29.03.2020 00:00:00.000,1639.458,1639.458,1610.098,1626.398,2715450.0484
30.03.2020 00:00:00.000,1626.348,1628.798,1610.825,1616.068,43910133.3618
31.03.2020 00:00:00.000,1616.158,1619.448,1567.468,1578.638,45868934.6313
01.04.2020 00:00:00.000,1578.538,1599.988,1571.765,1591.008,49651138.3057
02.04.2020 00:00:00.000,1591.028,1619.940,1582.818,1612.475,50481540.6799
03.04.2020 00:00:00.000,1612.495,1625.498,1605.625,1617.048,42805606.842
04.04.2020 00:00:00.000,1617.048,1617.048,1617.048,1617.048,0
05.04.2020 00:00:00.000,1615.578,1621.238,1609.000,1619.158,1687114.0003
06.04.2020 00:00:00.000,1619.228,1674.828,1615.198,1661.000,48614459.9915
07.04.2020 00:00:00.000,1661.000,1668.598,1642.128,1647.348,61869026.1841
08.04.2020 00:00:00.000,1647.348,1656.288,1640.398,1647.068,39873214.7217
09.04.2020 00:00:00.000,1647.008,1689.948,1645.695,1682.148,45500869.751
10.04.2020 00:00:00.000,1682.148,1682.148,1682.148,1682.148,0
11.04.2020 00:00:00.000,1682.148,1682.148,1682.148,1682.148,0
12.04.2020 00:00:00.000,1686.218,1691.448,1675.000,1685.768,2418440.1035
13.04.2020 00:00:00.000,1685.718,1722.548,1678.848,1717.008,45989799.4995
14.04.2020 00:00:00.000,1717.028,1747.625,1708.735,1725.078,66929039.0015
15.04.2020 00:00:00.000,1725.038,1730.998,1707.518,1715.478,52031188.9648
16.04.2020 00:00:00.000,1715.498,1738.648,1701.580,1715.348,63923728.9429
17.04.2020 00:00:00.000,1715.568,1718.528,1679.125,1681.998,62432010.6506
18.04.2020 00:00:00.000,1681.998,1681.998,1681.998,1681.998,0
19.04.2020 00:00:00.000,1679.878,1683.618,1673.905,1675.348,2073359.9663
20.04.2020 00:00:00.000,1675.448,1702.138,1671.598,1690.868,53803810.1196
21.04.2020 00:00:00.000,1690.868,1697.796,1659.298,1687.421,61886093.1396
22.04.2020 00:00:00.000,1687.370,1718.555,1679.908,1711.558,64467788.6963
23.04.2020 00:00:00.000,1711.638,1738.558,1707.328,1728.238,65682098.3887
24.04.2020 00:00:00.000,1728.248,1736.208,1710.508,1727.698,61333023.0713
25.04.2020 00:00:00.000,1727.698,1727.698,1727.698,1727.698,0
26.04.2020 00:00:00.000,1726.388,1727.248,1718.945,1724.948,2689290.0467
27.04.2020 00:00:00.000,1724.948,1727.225,1705.995,1709.408,73405303.9551
28.04.2020 00:00:00.000,1709.468,1714.568,1691.678,1704.775,79749114.9902
29.04.2020 00:00:00.000,1704.785,1717.398,1697.805,1713.475,65079437.2559
30.04.2020 00:00:00.000,1713.465,1721.598,1681.068,1687.855,68314315.7959
01.05.2020 00:00:00.000,1687.865,1705.068,1670.418,1698.818,81340820.3125
02.05.2020 00:00:00.000,1698.818,1698.818,1698.818,1698.818,0
03.05.2020 00:00:00.000,1697.878,1701.288,1691.328,1699.345,2573815.1073
04.05.2020 00:00:00.000,1699.345,1713.228,1695.145,1703.515,49513652.8015
05.05.2020 00:00:00.000,1703.505,1711.568,1689.788,1703.598,49429714.2029
06.05.2020 00:00:00.000,1703.688,1708.071,1681.308,1689.655,52016296.3867
07.05.2020 00:00:00.000,1689.645,1721.888,1684.178,1714.118,56489650.7263
08.05.2020 00:00:00.000,1714.198,1723.148,1700.545,1701.408,63583908.0811
09.05.2020 00:00:00.000,1701.408,1701.408,1701.408,1701.408,0
10.05.2020 00:00:00.000,1701.558,1707.711,1700.118,1706.205,2169519.9013
11.05.2020 00:00:00.000,1706.205,1712.058,1691.825,1697.775,65062843.3228
12.05.2020 00:00:00.000,1697.558,1710.698,1693.605,1702.465,58817028.0457
13.05.2020 00:00:00.000,1702.475,1719.568,1699.348,1718.238,75227165.2222
14.05.2020 00:00:00.000,1718.315,1736.348,1710.828,1732.688,63680877.6855
15.05.2020 00:00:00.000,1732.655,1751.398,1728.428,1741.628,76218757.6294
16.05.2020 00:00:00.000,1741.628,1741.628,1741.628,1741.628,0
17.05.2020 00:00:00.000,1734.868,1760.078,1734.868,1758.078,4647775.1732
18.05.2020 00:00:00.000,1758.078,1765.018,1727.458,1734.645,81867805.481
19.05.2020 00:00:00.000,1734.635,1747.818,1726.205,1745.998,85400138.855
20.05.2020 00:00:00.000,1745.998,1753.735,1742.528,1747.425,77204833.9844
21.05.2020 00:00:00.000,1747.405,1747.415,1717.155,1725.868,74140968.3228
22.05.2020 00:00:00.000,1725.868,1739.955,1724.278,1733.648,58568950.6531
23.05.2020 00:00:00.000,1733.648,1733.648,1733.648,1733.648,0
24.05.2020 00:00:00.000,1731.308,1734.318,1729.925,1730.508,1500625.0143
25.05.2020 00:00:00.000,1730.558,1733.115,1721.168,1726.668,33468292.2363
26.05.2020 00:00:00.000,1726.598,1735.325,1708.218,1712.788,67941009.5215
27.05.2020 00:00:00.000,1712.718,1715.895,1693.598,1710.938,67443923.9502
28.05.2020 00:00:00.000,1710.938,1727.428,1708.925,1721.725,65730018.6157
29.05.2020 00:00:00.000,1721.665,1737.773,1712.428,1728.695,61611743.927
30.05.2020 00:00:00.000,1728.695,1728.695,1728.695,1728.695,0
31.05.2020 00:00:00.000,1735.808,1742.688,1728.955,1739.705,2880495.0714
01.06.2020 00:00:00.000,1739.715,1744.525,1727.553,1741.638,65871826.1719
02.06.2020 00:00:00.000,1741.678,1745.008,1721.215,1726.455,65993888.855
03.06.2020 00:00:00.000,1726.455,1729.458,1689.245,1700.448,80890838.623
04.06.2020 00:00:00.000,1700.448,1721.863,1697.448,1712.218,68938308.7158
05.06.2020 00:00:00.000,1712.258,1715.988,1670.745,1684.758,84490951.5381
06.06.2020 00:00:00.000,1684.758,1684.758,1684.758,1684.758,0
07.06.2020 00:00:00.000,1674.868,1684.928,1674.868,1681.235,2643554.9259
08.06.2020 00:00:00.000,1681.255,1700.618,1680.498,1697.188,67377441.4063
09.06.2020 00:00:00.000,1697.208,1720.668,1692.025,1713.195,74549774.1699
10.06.2020 00:00:00.000,1713.185,1739.798,1707.695,1735.425,67646743.7744
11.06.2020 00:00:00.000,1735.475,1744.575,1721.445,1726.705,72010803.2227
12.06.2020 00:00:00.000,1726.685,1742.948,1722.135,1729.728,68887382.5073
13.06.2020 00:00:00.000,1729.728,1729.728,1729.728,1729.728,0
14.06.2020 00:00:00.000,1730.258,1735.258,1727.488,1732.628,2615700.0065
15.06.2020 00:00:00.000,1732.628,1734.038,1704.025,1724.028,82066413.8794
16.06.2020 00:00:00.000,1724.088,1732.748,1716.535,1726.415,77479499.8169
17.06.2020 00:00:00.000,1726.405,1730.165,1712.548,1727.515,60603763.5803
18.06.2020 00:00:00.000,1727.455,1737.438,1717.435,1723.178,60638023.3765
19.06.2020 00:00:00.000,1723.178,1745.168,1722.175,1743.268,60617847.4426
20.06.2020 00:00:00.000,1743.268,1743.268,1743.268,1743.268,0
21.06.2020 00:00:00.000,1750.178,1750.478,1743.618,1749.025,2813570.0226
22.06.2020 00:00:00.000,1749.015,1763.058,1742.598,1755.358,83369026.1841
23.06.2020 00:00:00.000,1755.358,1770.998,1747.295,1768.545,74404884.3384
24.06.2020 00:00:00.000,1768.445,1779.388,1753.548,1761.915,83130126.9531
25.06.2020 00:00:00.000,1761.915,1768.785,1755.258,1765.748,66981452.9419
26.06.2020 00:00:00.000,1765.768,1771.948,1747.368,1770.898,69560668.9453
27.06.2020 00:00:00.000,1770.898,1770.898,1770.898,1770.898,0
28.06.2020 00:00:00.000,1774.918,1775.748,1769.308,1771.208,2237190.0082
29.06.2020 00:00:00.000,1771.208,1774.905,1765.538,1773.008,55225315.094
30.06.2020 00:00:00.000,1773.008,1785.850,1764.425,1782.808,59958351.1353
01.07.2020 00:00:00.000,1782.808,1789.008,1758.948,1768.108,66363769.5313
02.07.2020 00:00:00.000,1768.108,1779.425,1757.438,1775.518,56377124.7864
03.07.2020 00:00:00.000,1775.478,1777.008,1772.588,1774.818,22929977.417
04.07.2020 00:00:00.000,1774.818,1774.818,1774.818,1774.818,0
05.07.2020 00:00:00.000,1773.368,1776.148,1773.200,1775.258,971000.0157
06.07.2020 00:00:00.000,1775.255,1786.918,1769.818,1785.748,51089298.2483
07.07.2020 00:00:00.000,1785.698,1797.358,1773.398,1794.285,63482143.4021
08.07.2020 00:00:00.000,1794.285,1817.848,1791.448,1809.035,58786357.8796
09.07.2020 00:00:00.000,1809.035,1815.855,1795.258,1803.748,61780319.2139
10.07.2020 00:00:00.000,1803.748,1810.496,1793.935,1798.088,49358509.0637
11.07.2020 00:00:00.000,1798.088,1798.088,1798.088,1798.088,0
12.07.2020 00:00:00.000,1799.188,1801.278,1797.708,1799.928,1502629.9953
13.07.2020 00:00:00.000,1799.908,1813.198,1799.728,1802.208,53007114.4104
14.07.2020 00:00:00.000,1802.215,1810.788,1790.418,1809.178,61918731.6895
15.07.2020 00:00:00.000,1809.178,1814.916,1802.228,1812.938,57112686.1572
16.07.2020 00:00:00.000,1812.968,1813.138,1794.788,1798.148,52950592.041
17.07.2020 00:00:00.000,1798.148,1811.878,1795.608,1809.248,38650421.1426
18.07.2020 00:00:00.000,1809.248,1809.248,1809.248,1809.248,0
19.07.2020 00:00:00.000,1808.838,1810.508,1806.998,1808.778,1568339.9439
20.07.2020 00:00:00.000,1808.808,1820.438,1805.565,1817.808,51967708.5876
21.07.2020 00:00:00.000,1817.868,1847.538,1815.668,1843.058,69459243.7744
22.07.2020 00:00:00.000,1843.088,1874.158,1842.548,1869.935,87612472.5342
23.07.2020 00:00:00.000,1869.925,1898.228,1863.909,1885.708,100204307.5562
24.07.2020 00:00:00.000,1885.618,1906.458,1881.265,1901.098,71638595.5811
25.07.2020 00:00:00.000,1901.098,1901.098,1901.098,1901.098,0
26.07.2020 00:00:00.000,1901.988,1914.948,1899.638,1913.535,5722535.1334
27.07.2020 00:00:00.000,1913.515,1967.178,1912.325,1964.915,119279365.5396
28.07.2020 00:00:00.000,1964.865,1980.980,1906.645,1955.958,110606834.4116
29.07.2020 00:00:00.000,1955.958,1980.798,1941.328,1966.398,79358360.2905
30.07.2020 00:00:00.000,1966.398,1970.538,1939.245,1956.795,89963218.689
31.07.2020 00:00:00.000,1956.775,1984.218,1955.765,1975.568,88288146.9727
01.08.2020 00:00:00.000,1975.568,1975.568,1975.568,1975.568,0
02.08.2020 00:00:00.000,1978.898,1989.148,1976.908,1981.855,5068180.0842
03.08.2020 00:00:00.000,1981.825,1982.225,1960.378,1975.138,71180519.104
04.08.2020 00:00:00.000,1975.118,2030.815,1966.725,2030.815,75179008.4839
05.08.2020 00:00:00.000,2030.785,2055.648,2009.338,2036.348,95275459.2896
06.08.2020 00:00:00.000,2036.308,2074.798,2034.385,2069.178,89237106.3232
07.08.2020 00:00:00.000,2069.188,2072.618,2015.385,2034.298,114112174.9878
08.08.2020 00:00:00.000,2034.298,2034.298,2034.298,2034.298,0
09.08.2020 00:00:00.000,2033.708,2037.138,2018.638,2027.035,4105843.0672
10.08.2020 00:00:00.000,2027.025,2049.748,2019.205,2028.108,82747840.8813
11.08.2020 00:00:00.000,2028.088,2028.088,1901.188,1908.985,124154647.8271
12.08.2020 00:00:00.000,1908.975,1949.548,1862.318,1921.738,129872543.335
13.08.2020 00:00:00.000,1921.738,1966.165,1919.905,1957.265,104050758.3618
14.08.2020 00:00:00.000,1957.255,1961.408,1932.025,1943.998,89143180.8472
15.08.2020 00:00:00.000,1943.998,1943.998,1943.998,1943.998,0
16.08.2020 00:00:00.000,1948.718,1951.245,1931.855,1932.435,3463895.0825
17.08.2020 00:00:00.000,1932.415,1990.478,1929.348,1983.725,86153259.2773
18.08.2020 00:00:00.000,1983.705,2015.498,1975.898,2005.155,94454483.0322
19.08.2020 00:00:00.000,2005.155,2005.875,1924.528,1927.568,110984802.2461
20.08.2020 00:00:00.000,1927.568,1955.125,1924.688,1952.628,106139366.1499
21.08.2020 00:00:00.000,1952.565,1955.765,1911.238,1939.618,98747688.2935
22.08.2020 00:00:00.000,1939.618,1939.618,1939.618,1939.618,0
23.08.2020 00:00:00.000,1939.868,1941.338,1929.808,1935.025,3198554.9927
24.08.2020 00:00:00.000,1935.025,1961.788,1923.608,1929.585,83890327.4536
25.08.2020 00:00:00.000,1929.565,1937.425,1914.105,1929.565,79405136.1084
26.08.2020 00:00:00.000,1929.455,1954.918,1902.678,1953.278,80664016.7236
27.08.2020 00:00:00.000,1953.298,1976.578,1909.778,1927.868,94110794.0674
28.08.2020 00:00:00.000,1927.758,1973.718,1923.288,1964.428,88552223.2056
29.08.2020 00:00:00.000,1964.428,1964.428,1964.428,1964.428,0
30.08.2020 00:00:00.000,1965.378,1976.465,1964.898,1972.985,4322265.1482
31.08.2020 00:00:00.000,1972.975,1976.368,1954.125,1967.758,74805343.6279
01.09.2020 00:00:00.000,1967.758,1992.298,1963.115,1972.468,88615364.0747
02.09.2020 00:00:00.000,1972.448,1973.118,1932.428,1944.568,88604278.5645
03.09.2020 00:00:00.000,1944.565,1950.905,1921.658,1927.855,90332901.001
04.09.2020 00:00:00.000,1927.845,1947.655,1916.198,1933.298,82388786.3159
05.09.2020 00:00:00.000,1933.298,1933.298,1933.298,1933.298,0
06.09.2020 00:00:00.000,1929.788,1937.498,1929.788,1934.215,1756209.9695
07.09.2020 00:00:00.000,1934.215,1941.268,1924.288,1930.468,31625690.4602
08.09.2020 00:00:00.000,1930.468,1940.748,1906.428,1930.108,65070556.6406
09.09.2020 00:00:00.000,1930.118,1950.775,1919.935,1947.288,50228954.3152
10.09.2020 00:00:00.000,1947.238,1966.398,1941.315,1943.808,61343273.1628
11.09.2020 00:00:00.000,1943.858,1954.658,1937.008,1938.928,62899753.5706
12.09.2020 00:00:00.000,1938.928,1938.928,1938.928,1938.928,0
13.09.2020 00:00:00.000,1940.548,1943.128,1937.018,1942.735,1686650.0378
14.09.2020 00:00:00.000,1942.715,1962.385,1939.728,1957.118,51498851.7761
15.09.2020 00:00:00.000,1957.098,1972.028,1948.278,1953.835,56136363.9832
16.09.2020 00:00:00.000,1953.835,1973.468,1949.798,1959.698,64006523.1323
17.09.2020 00:00:00.000,1959.678,1960.008,1932.745,1947.018,66609199.5239
18.09.2020 00:00:00.000,1947.018,1959.898,1944.985,1949.718,51882865.9058
19.09.2020 00:00:00.000,1949.718,1949.718,1949.718,1949.718,0
20.09.2020 00:00:00.000,1949.588,1951.448,1942.388,1948.348,1993355.0358
21.09.2020 00:00:00.000,1948.258,1955.458,1882.375,1917.018,77576004.0283
22.09.2020 00:00:00.000,1916.995,1919.888,1894.458,1904.138,76456672.6685
23.09.2020 00:00:00.000,1904.148,1905.208,1853.448,1854.818,96117835.9985
24.09.2020 00:00:00.000,1854.698,1876.988,1848.635,1867.715,86189537.0483
25.09.2020 00:00:00.000,1867.745,1875.075,1852.298,1860.998,70965202.3315
26.09.2020 00:00:00.000,1860.998,1860.998,1860.998,1860.998,0
27.09.2020 00:00:00.000,1859.448,1865.898,1859.448,1862.448,1554039.9551
28.09.2020 00:00:00.000,1862.438,1883.648,1848.455,1882.448,65325912.4756
29.09.2020 00:00:00.000,1882.448,1899.235,1875.308,1896.668,62353813.1714
30.09.2020 00:00:00.000,1896.638,1902.115,1881.238,1887.528,69903701.7822
01.10.2020 00:00:00.000,1887.515,1912.028,1884.555,1903.188,68829673.7671
02.10.2020 00:00:00.000,1903.065,1916.975,1889.638,1898.868,60917568.2068
03.10.2020 00:00:00.000,1898.868,1898.868,1898.868,1898.868,0
04.10.2020 00:00:00.000,1903.828,1904.158,1897.888,1902.915,2039050.1022
05.10.2020 00:00:00.000,1902.885,1918.575,1886.898,1912.745,52331150.0549
06.10.2020 00:00:00.000,1912.725,1921.018,1874.558,1879.945,65204895.0195
07.10.2020 00:00:00.000,1880.065,1897.898,1872.748,1886.868,51723831.1768
08.10.2020 00:00:00.000,1886.858,1900.498,1881.938,1895.238,48621540.0696
09.10.2020 00:00:00.000,1895.238,1930.325,1894.908,1929.618,55835746.7651
10.10.2020 00:00:00.000,1929.618,1929.618,1929.618,1929.618,0
11.10.2020 00:00:00.000,1928.788,1933.048,1926.038,1928.998,2717974.9012
12.10.2020 00:00:00.000,1928.998,1931.788,1918.158,1925.015,57990451.8127
13.10.2020 00:00:00.000,1924.995,1924.998,1886.308,1893.325,67980873.1079
14.10.2020 00:00:00.000,1893.325,1912.828,1882.395,1898.205,56423389.4348
15.10.2020 00:00:00.000,1898.205,1908.808,1889.438,1906.308,58965011.5967
16.10.2020 00:00:00.000,1906.298,1913.808,1897.658,1898.968,47131450.6531
17.10.2020 00:00:00.000,1898.968,1898.968,1898.968,1898.968,0
18.10.2020 00:00:00.000,1899.668,1902.838,1898.498,1900.688,1397335.0525
19.10.2020 00:00:00.000,1900.698,1918.338,1896.878,1902.925,50283439.6362
20.10.2020 00:00:00.000,1902.925,1913.985,1894.618,1910.678,49625793.457
21.10.2020 00:00:00.000,1910.588,1931.298,1910.065,1921.258,54117649.0784
22.10.2020 00:00:00.000,1921.238,1922.118,1894.208,1904.918,51778759.0027
23.10.2020 00:00:00.000,1904.918,1914.108,1894.198,1901.258,44829200.7446
24.10.2020 00:00:00.000,1901.258,1901.258,1901.258,1901.258,0
25.10.2020 00:00:00.000,1903.298,1903.708,1891.135,1898.415,3922241.9262
26.10.2020 00:00:00.000,1898.405,1908.458,1894.785,1902.148,51759750.3662
27.10.2020 00:00:00.000,1902.148,1911.348,1897.718,1905.165,46591461.1816
28.10.2020 00:00:00.000,1905.165,1910.768,1869.208,1879.515,69339073.1812
29.10.2020 00:00:00.000,1879.495,1884.858,1859.868,1868.345,67635803.2227
30.10.2020 00:00:00.000,1868.345,1889.698,1864.258,1878.438,67712188.7207
31.10.2020 00:00:00.000,1878.438,1878.438,1878.438,1878.438,0
01.11.2020 00:00:00.000,1876.928,1879.878,1875.195,1877.025,1718680.0241
02.11.2020 00:00:00.000,1877.025,1896.058,1873.308,1894.728,63687648.7732
03.11.2020 00:00:00.000,1894.728,1916.068,1886.835,1914.355,53875335.6934
04.11.2020 00:00:00.000,1914.288,1916.228,1880.635,1904.715,75795959.4727
05.11.2020 00:00:00.000,1904.678,1952.648,1902.358,1946.058,77504783.6304
06.11.2020 00:00:00.000,1946.068,1960.198,1935.468,1950.298,66060173.0347
07.11.2020 00:00:00.000,1950.298,1950.298,1950.298,1950.298,0
08.11.2020 00:00:00.000,1954.688,1959.838,1953.318,1958.475,2066519.9757
09.11.2020 00:00:00.000,1958.465,1965.415,1850.398,1870.718,91155044.5557
10.11.2020 00:00:00.000,1870.728,1890.238,1867.335,1876.498,75867744.4458
11.11.2020 00:00:00.000,1876.548,1884.378,1856.208,1865.458,59588386.5356
12.11.2020 00:00:00.000,1865.468,1883.698,1862.588,1875.668,59467620.8496
13.11.2020 00:00:00.000,1875.658,1896.658,1873.978,1888.288,52161735.5347
14.11.2020 00:00:00.000,1888.288,1888.288,1888.288,1888.288,0
15.11.2020 00:00:00.000,1888.138,1891.485,1886.628,1890.395,1317440.033
16.11.2020 00:00:00.000,1890.375,1898.928,1864.498,1889.748,61642116.5466
17.11.2020 00:00:00.000,1889.738,1893.325,1876.735,1882.535,54751644.1345
18.11.2020 00:00:00.000,1882.515,1884.718,1863.508,1871.245,61060363.7695
19.11.2020 00:00:00.000,1871.235,1872.778,1852.568,1862.995,59433891.2964
20.11.2020 00:00:00.000,1863.035,1879.618,1861.000,1870.318,48301418.3044
21.11.2020 00:00:00.000,1870.318,1870.318,1870.318,1870.318,0
22.11.2020 00:00:00.000,1869.943,1872.048,1868.528,1871.998,782509.0289
23.11.2020 00:00:00.000,1871.958,1876.038,1830.778,1835.465,59684505.4626
24.11.2020 00:00:00.000,1835.605,1836.188,1799.988,1809.058,73580673.2178
25.11.2020 00:00:00.000,1809.008,1817.578,1801.495,1808.188,56580699.9207
26.11.2020 00:00:00.000,1808.288,1818.088,1805.634,1809.148,29611398.6969
27.11.2020 00:00:00.000,1809.148,1813.778,1774.218,1786.648,42957881.9275
28.11.2020 00:00:00.000,1786.648,1786.648,1786.648,1786.648,0
29.11.2020 00:00:00.000,1787.208,1789.808,1785.308,1786.618,1115540.0276
30.11.2020 00:00:00.000,1786.580,1787.448,1764.245,1778.725,59757320.4041
01.12.2020 00:00:00.000,1778.695,1817.178,1776.750,1811.145,57355003.3569
02.12.2020 00:00:00.000,1811.095,1832.338,1807.405,1830.485,49266437.5305
03.12.2020 00:00:00.000,1830.458,1843.808,1823.648,1839.718,54107273.1018
04.12.2020 00:00:00.000,1839.718,1848.088,1828.988,1838.208,55477359.7717
05.12.2020 00:00:00.000,1838.208,1838.208,1838.208,1838.208,0
06.12.2020 00:00:00.000,1838.528,1838.848,1832.948,1835.344,1211199.9989
07.12.2020 00:00:00.000,1835.344,1868.448,1821.808,1863.895,49745647.4304
08.12.2020 00:00:00.000,1863.875,1875.168,1860.148,1869.995,42276020.05
09.12.2020 00:00:00.000,1869.995,1870.428,1825.363,1834.258,58289424.8962
10.12.2020 00:00:00.000,1834.158,1849.958,1828.528,1836.528,49131118.7744
11.12.2020 00:00:00.000,1836.568,1847.648,1823.843,1838.998,42415180.2063
12.12.2020 00:00:00.000,1838.998,1838.998,1838.998,1838.998,0
13.12.2020 00:00:00.000,1840.698,1841.288,1834.778,1837.898,1010864.0194
14.12.2020 00:00:00.000,1837.898,1838.918,1818.268,1827.268,44004379.2725
15.12.2020 00:00:00.000,1827.268,1855.242,1825.348,1852.255,39545917.511
16.12.2020 00:00:00.000,1852.285,1865.658,1844.663,1864.395,57736789.7034
17.12.2020 00:00:00.000,1864.328,1896.118,1861.898,1883.545,54780040.741
18.12.2020 00:00:00.000,1883.545,1889.538,1877.275,1880.838,46241828.9185
19.12.2020 00:00:00.000,1880.838,1880.838,1880.838,1880.838,0
20.12.2020 00:00:00.000,1883.818,1884.938,1881.128,1882.975,1051309.9432
21.12.2020 00:00:00.000,1882.955,1906.638,1854.955,1878.975,77839172.3633
22.12.2020 00:00:00.000,1878.955,1884.238,1858.845,1864.145,55719295.5017
23.12.2020 00:00:00.000,1864.185,1878.348,1856.938,1872.528,49678512.5732
24.12.2020 00:00:00.000,1872.528,1883.465,1869.378,1879.125,25420089.7217
25.12.2020 00:00:00.000,1879.125,1879.125,1879.125,1879.125,0
26.12.2020 00:00:00.000,1879.125,1879.125,1879.125,1879.125,0
27.12.2020 00:00:00.000,1882.921,1889.208,1882.348,1888.098,874135.0174
28.12.2020 00:00:00.000,1888.088,1900.098,1869.018,1876.605,45108253.479
29.12.2020 00:00:00.000,1876.605,1886.278,1871.595,1878.658,39917945.8618
30.12.2020 00:00:00.000,1878.638,1895.285,1875.965,1894.978,32621059.4177
31.12.2020 00:00:00.000,1895.078,1900.880,1885.308,1897.765,32844669.342
01.01.2021 00:00:00.000,1897.765,1897.765,1897.765,1897.765,0
02.01.2021 00:00:00.000,1897.765,1897.765,1897.765,1897.765,0
03.01.2021 00:00:00.000,1904.998,1914.858,1903.288,1913.035,3097155.0941
04.01.2021 00:00:00.000,1913.025,1945.495,1909.858,1941.668,56868282.3181
05.01.2021 00:00:00.000,1941.518,1953.085,1934.178,1950.108,49881191.2537
06.01.2021 00:00:00.000,1950.148,1959.225,1900.755,1923.985,71806396.4844
07.01.2021 00:00:00.000,1923.955,1927.518,1906.705,1916.425,57188438.4155
08.01.2021 00:00:00.000,1916.395,1916.548,1828.038,1848.508,76357185.3638
09.01.2021 00:00:00.000,1848.508,1848.508,1848.508,1848.508,0
10.01.2021 00:00:00.000,1849.163,1856.568,1841.365,1844.665,2934360.0273
11.01.2021 00:00:00.000,1844.625,1855.346,1816.888,1847.175,64438972.4731
12.01.2021 00:00:00.000,1847.135,1863.738,1836.558,1858.745,58348590.8508
13.01.2021 00:00:00.000,1858.715,1862.892,1841.808,1848.265,57171672.821
14.01.2021 00:00:00.000,1848.255,1857.392,1828.518,1846.758,53880508.4229
15.01.2021 00:00:00.000,1846.808,1856.848,1823.235,1827.478,56119125.3662
16.01.2021 00:00:00.000,1827.478,1827.478,1827.478,1827.478,0
17.01.2021 00:00:00.000,1828.608,1830.188,1802.948,1810.325,3196723.938
18.01.2021 00:00:00.000,1810.628,1840.675,1810.228,1837.185,46762660.9802
19.01.2021 00:00:00.000,1837.175,1845.335,1832.843,1840.785,53268482.2083
20.01.2021 00:00:00.000,1840.845,1872.148,1832.272,1869.815,72862609.8633
21.01.2021 00:00:00.000,1869.865,1874.915,1858.131,1869.431,65266876.2207
22.01.2021 00:00:00.000,1869.451,1869.831,1837.195,1855.198,67768058.7769
23.01.2021 00:00:00.000,1855.198,1855.198,1855.198,1855.198,0
24.01.2021 00:00:00.000,1854.187,1859.255,1853.777,1856.742,1176314.95
25.01.2021 00:00:00.000,1856.812,1867.735,1847.025,1855.395,75629028.3203
26.01.2021 00:00:00.000,1855.375,1861.635,1848.278,1851.245,65223266.6016
27.01.2021 00:00:00.000,1851.215,1853.096,1831.227,1839.817,78964988.7085
28.01.2021 00:00:00.000,1839.817,1863.915,1833.925,1843.775,95396530.1514
29.01.2021 00:00:00.000,1843.795,1875.522,1839.418,1847.048,109783950.8057
30.01.2021 00:00:00.000,1847.048,1847.048,1847.048,1847.048,0
31.01.2021 00:00:00.000,1863.422,1866.837,1851.357,1855.897,5172524.929
01.02.2021 00:00:00.000,1855.897,1871.636,1848.892,1857.585,110595672.6074
02.02.2021 00:00:00.000,1857.605,1863.975,1829.317,1836.325,101878990.1733
03.02.2021 00:00:00.000,1836.405,1844.785,1829.368,1834.225,73370483.3984
04.02.2021 00:00:00.000,1834.225,1834.635,1784.888,1795.775,88035430.9082
05.02.2021 00:00:00.000,1795.795,1815.016,1791.905,1814.048,73106262.207
06.02.2021 00:00:00.000,1814.048,1814.048,1814.048,1814.048,0
07.02.2021 00:00:00.000,1816.958,1818.678,1814.258,1817.885,1833174.9439
08.02.2021 00:00:00.000,1817.898,1838.988,1807.665,1830.378,74244132.9956
09.02.2021 00:00:00.000,1830.385,1848.470,1829.808,1836.035,76906250
10.02.2021 00:00:00.000,1836.035,1855.232,1833.915,1841.925,69222290.0391
11.02.2021 00:00:00.000,1841.905,1847.402,1821.007,1826.665,59102104.187
12.02.2021 00:00:00.000,1826.635,1830.615,1810.395,1823.648,57260761.261
13.02.2021 00:00:00.000,1823.648,1823.648,1823.648,1823.648,0
14.02.2021 00:00:00.000,1825.118,1826.088,1819.995,1820.762,1333510.0412
15.02.2021 00:00:00.000,1820.762,1826.915,1815.865,1818.595,34836933.136
16.02.2021 00:00:00.000,1818.655,1826.375,1786.604,1788.265,79122009.2773
17.02.2021 00:00:00.000,1788.285,1795.015,1769.418,1778.085,79202484.1309
18.02.2021 00:00:00.000,1778.085,1789.465,1768.305,1771.446,76277801.5137
19.02.2021 00:00:00.000,1771.425,1791.405,1760.440,1783.398,86374702.4536
20.02.2021 00:00:00.000,1783.398,1783.398,1783.398,1783.398,0
21.02.2021 00:00:00.000,1781.546,1787.896,1781.175,1783.151,2482670.0687
22.02.2021 00:00:00.000,1783.176,1812.535,1780.545,1810.335,91513374.3286
23.02.2021 00:00:00.000,1810.345,1815.875,1795.425,1805.705,84600372.3145
24.02.2021 00:00:00.000,1805.705,1813.745,1783.445,1802.965,87376510.6201
25.02.2021 00:00:00.000,1802.965,1804.105,1765.328,1769.775,119686698.9136
26.02.2021 00:00:00.000,1769.785,1775.605,1717.090,1733.188,113133468.6279
27.02.2021 00:00:00.000,1733.188,1733.188,1733.188,1733.188,0
28.02.2021 00:00:00.000,1732.746,1739.755,1732.695,1739.085,2224149.9424
01.03.2021 00:00:00.000,1739.085,1759.715,1719.525,1724.905,98981140.1367
02.03.2021 00:00:00.000,1724.895,1740.446,1707.066,1736.416,83015480.0415
03.03.2021 00:00:00.000,1736.426,1737.366,1701.797,1710.374,84482276.9165
04.03.2021 00:00:00.000,1710.349,1723.104,1690.258,1694.195,103990531.9214
05.03.2021 00:00:00.000,1694.105,1707.669,1687.138,1699.398,90064201.355
06.03.2021 00:00:00.000,1699.398,1699.398,1699.398,1699.398,0
07.03.2021 00:00:00.000,1701.718,1713.878,1701.718,1707.685,2940989.9712
08.03.2021 00:00:00.000,1707.685,1714.168,1676.696,1684.554,89164344.7876
09.03.2021 00:00:00.000,1684.554,1720.469,1680.014,1715.744,81808494.5679
10.03.2021 00:00:00.000,1715.744,1727.065,1708.141,1726.584,77057388.3057
11.03.2021 00:00:00.000,1726.594,1739.735,1719.115,1722.595,78562202.4536
12.03.2021 00:00:00.000,1722.595,1729.158,1699.078,1726.958,76495933.5327
13.03.2021 00:00:00.000,1726.958,1726.958,1726.958,1726.958,0
14.03.2021 00:00:00.000,1727.188,1730.304,1724.135,1725.235,3461308.9561
15.03.2021 00:00:00.000,1725.235,1734.418,1721.554,1730.618,72052932.7393
16.03.2021 00:00:00.000,1730.608,1741.147,1726.114,1731.585,58790710.4492
17.03.2021 00:00:00.000,1731.585,1751.498,1724.018,1748.384,76048263.5498
18.03.2021 00:00:00.000,1748.354,1755.408,1719.115,1735.114,85056541.4429
19.03.2021 00:00:00.000,1735.094,1746.538,1728.391,1744.858,76207580.5664
20.03.2021 00:00:00.000,1744.858,1744.858,1744.858,1744.858,0
21.03.2021 00:00:00.000,1746.009,1746.928,1737.868,1738.088,4062805.1758
22.03.2021 00:00:00.000,1738.075,1742.988,1727.238,1739.198,75033058.1665
23.03.2021 00:00:00.000,1739.218,1742.378,1724.578,1727.045,75997665.4053
24.03.2021 00:00:00.000,1727.105,1738.318,1723.624,1734.498,67827507.019
25.03.2021 00:00:00.000,1734.398,1745.388,1721.589,1727.218,82644447.3267
26.03.2021 00:00:00.000,1727.218,1736.648,1721.498,1731.808,66964599.6094
27.03.2021 00:00:00.000,1731.808,1731.808,1731.808,1731.808,0
28.03.2021 00:00:00.000,1731.268,1732.988,1730.378,1731.015,2283034.0862
29.03.2021 00:00:00.000,1730.985,1732.788,1705.668,1711.858,63597789.7644
30.03.2021 00:00:00.000,1711.858,1714.318,1678.600,1685.398,76684295.6543
31.03.2021 00:00:00.000,1685.398,1715.258,1677.788,1707.358,71994308.4717
01.04.2021 00:00:00.000,1707.338,1730.465,1705.638,1728.805,63226684.5703
02.04.2021 00:00:00.000,1728.805,1728.805,1728.805,1728.805,0
03.04.2021 00:00:00.000,1728.805,1728.805,1728.805,1728.805,0
04.04.2021 00:00:00.000,1727.929,1729.768,1725.998,1727.968,3201139.9269
05.04.2021 00:00:00.000,1727.965,1733.448,1721.148,1729.308,47538833.6182
06.04.2021 00:00:00.000,1729.168,1745.318,1727.398,1743.155,60380851.7456
07.04.2021 00:00:00.000,1743.155,1743.255,1730.518,1736.728,55939430.2368
08.04.2021 00:00:00.000,1736.728,1758.565,1733.058,1754.055,55784656.5247
09.04.2021 00:00:00.000,1754.115,1757.238,1731.168,1743.028,59768272.3999
10.04.2021 00:00:00.000,1743.028,1743.028,1743.028,1743.028,0
11.04.2021 00:00:00.000,1743.378,1744.038,1740.428,1741.678,1710775.0177
12.04.2021 00:00:00.000,1741.618,1744.938,1727.318,1731.868,61281715.3931
13.04.2021 00:00:00.000,1731.865,1748.928,1723.578,1746.545,68217216.4917
14.04.2021 00:00:00.000,1746.545,1749.218,1732.505,1736.538,63023853.302
15.04.2021 00:00:00.000,1736.558,1769.525,1734.248,1763.845,70235237.1216
16.04.2021 00:00:00.000,1763.855,1783.748,1759.618,1775.748,67025993.3472
17.04.2021 00:00:00.000,1775.748,1775.748,1775.748,1775.748,0
18.04.2021 00:00:00.000,1776.998,1778.065,1774.638,1776.675,2327670.0974
19.04.2021 00:00:00.000,1776.675,1789.968,1766.628,1772.005,74247688.2935
20.04.2021 00:00:00.000,1772.018,1780.328,1763.505,1776.838,71407867.4316
21.04.2021 00:00:00.000,1776.848,1797.528,1776.418,1793.468,70052742.0044
22.04.2021 00:00:00.000,1793.558,1797.748,1777.328,1783.048,77624412.5366
23.04.2021 00:00:00.000,1783.097,1795.858,1769.865,1776.818,70066352.8442
24.04.2021 00:00:00.000,1776.818,1776.818,1776.818,1776.818,0
25.04.2021 00:00:00.000,1775.852,1776.258,1773.738,1774.798,1909340.024
26.04.2021 00:00:00.000,1774.808,1783.408,1768.617,1779.975,67388725.2808
27.04.2021 00:00:00.000,1779.975,1785.458,1773.615,1775.385,65759071.3501
28.04.2021 00:00:00.000,1775.375,1783.925,1762.498,1783.805,76191078.186
29.04.2021 00:00:00.000,1783.765,1789.875,1756.028,1773.068,79207290.6494
30.04.2021 00:00:00.000,1773.068,1773.178,1764.108,1768.428,73005073.5474
01.05.2021 00:00:00.000,1768.428,1768.428,1768.428,1768.428,0
02.05.2021 00:00:00.000,1768.870,1769.108,1765.945,1768.985,1695714.9506
03.05.2021 00:00:00.000,1768.985,1797.798,1767.235,1792.468,64301208.4961
04.05.2021 00:00:00.000,1792.468,1798.878,1770.638,1778.588,81747291.5649
05.05.2021 00:00:00.000,1778.578,1787.848,1770.228,1785.178,72149047.8516
06.05.2021 00:00:00.000,1785.178,1817.948,1781.878,1814.638,76072761.5356
07.05.2021 00:00:00.000,1814.628,1843.175,1812.748,1830.618,94596916.1987
08.05.2021 00:00:00.000,1830.618,1830.618,1830.618,1830.618,0
09.05.2021 00:00:00.000,1833.430,1836.815,1831.818,1836.155,2578974.9622
10.05.2021 00:00:00.000,1836.175,1845.296,1830.000,1836.085,96936073.3032
11.05.2021 00:00:00.000,1836.015,1841.718,1817.875,1835.448,90575782.7759
12.05.2021 00:00:00.000,1835.448,1843.598,1813.145,1817.518,105901000.9766
13.05.2021 00:00:00.000,1817.498,1828.678,1808.656,1824.948,108187202.4536
14.05.2021 00:00:00.000,1825.108,1845.850,1819.566,1842.688,84638526.9165
15.05.2021 00:00:00.000,1842.688,1842.688,1842.688,1842.688,0
16.05.2021 00:00:00.000,1844.528,1848.005,1840.498,1847.005,1902075.0523
17.05.2021 00:00:00.000,1847.005,1868.955,1843.458,1868.875,80771331.7871
18.05.2021 00:00:00.000,1868.875,1874.848,1863.105,1870.025,59575531.0059
19.05.2021 00:00:00.000,1870.045,1890.022,1852.095,1865.805,65810096.7407
20.05.2021 00:00:00.000,1865.815,1883.758,1863.735,1873.908,49959121.7041
21.05.2021 00:00:00.000,1873.928,1889.228,1869.998,1880.898,47836097.7173
22.05.2021 00:00:00.000,1880.898,1880.898,1880.898,1880.898,0
23.05.2021 00:00:00.000,1882.123,1883.744,1879.998,1883.435,1363795.042
24.05.2021 00:00:00.000,1883.395,1886.878,1875.058,1877.348,50510639.1907
25.05.2021 00:00:00.000,1877.358,1900.118,1872.614,1898.188,73104827.8809
26.05.2021 00:00:00.000,1898.155,1912.648,1890.588,1896.078,79677551.2695
27.05.2021 00:00:00.000,1896.025,1903.478,1888.188,1897.908,84675521.8506
28.05.2021 00:00:00.000,1897.948,1905.798,1882.135,1902.648,57593753.8147
29.05.2021 00:00:00.000,1902.648,1902.648,1902.648,1902.648,0
30.05.2021 00:00:00.000,1903.338,1904.748,1902.572,1903.748,818660.0208
31.05.2021 00:00:00.000,1903.798,1910.545,1902.005,1907.998,29778974.5331
01.06.2021 00:00:00.000,1907.978,1916.485,1892.265,1898.795,60010425.5676
02.06.2021 00:00:00.000,1898.805,1909.398,1894.228,1907.688,52809593.2007
03.06.2021 00:00:00.000,1907.688,1909.498,1865.185,1870.868,67669128.418
04.06.2021 00:00:00.000,1870.868,1896.098,1855.315,1890.708,65361358.6426
05.06.2021 00:00:00.000,1890.708,1890.708,1890.708,1890.708,0
06.06.2021 00:00:00.000,1891.398,1891.398,1888.574,1889.198,1379840.0164
07.06.2021 00:00:00.000,1889.198,1900.018,1881.415,1898.658,56372573.8525
08.06.2021 00:00:00.000,1898.618,1903.688,1883.618,1893.285,61139343.2617
09.06.2021 00:00:00.000,1893.275,1898.918,1887.238,1888.598,54021007.5378
10.06.2021 00:00:00.000,1888.598,1899.758,1869.668,1898.228,68350547.7905
11.06.2021 00:00:00.000,1898.164,1902.948,1874.378,1877.048,58286262.5122
12.06.2021 00:00:00.000,1877.048,1877.048,1877.048,1877.048,0
13.06.2021 00:00:00.000,1876.758,1877.888,1873.098,1873.584,1887140.0356
14.06.2021 00:00:00.000,1873.584,1873.778,1844.478,1866.758,58767616.272
15.06.2021 00:00:00.000,1866.738,1869.068,1851.478,1857.785,56351196.2891
16.06.2021 00:00:00.000,1857.848,1862.928,1803.268,1818.688,69785530.0903
17.06.2021 00:00:00.000,1818.688,1825.228,1767.128,1776.638,99130065.918
18.06.2021 00:00:00.000,1776.728,1797.062,1760.767,1763.198,84660598.7549
19.06.2021 00:00:00.000,1763.198,1763.198,1763.198,1763.198,0
20.06.2021 00:00:00.000,1763.938,1770.028,1763.838,1769.298,2732909.9178
21.06.2021 00:00:00.000,1769.208,1787.648,1766.378,1783.498,85390007.019
22.06.2021 00:00:00.000,1783.488,1789.995,1772.228,1777.438,54252330.78
23.06.2021 00:00:00.000,1777.438,1794.838,1773.208,1777.225,46626239.7766
24.06.2021 00:00:00.000,1777.175,1787.848,1772.778,1775.148,33488456.7261
25.06.2021 00:00:00.000,1775.148,1790.268,1773.588,1780.938,31289970.3979
26.06.2021 00:00:00.000,1780.938,1780.938,1780.938,1780.938,0
27.06.2021 00:00:00.000,1781.227,1782.708,1780.448,1781.838,810415.0295
28.06.2021 00:00:00.000,1781.798,1785.718,1770.518,1778.018,34786216.7358
29.06.2021 00:00:00.000,1777.988,1778.818,1750.488,1761.358,35710571.2891
30.06.2021 00:00:00.000,1761.398,1774.278,1753.228,1768.138,34340110.7788
01.07.2021 00:00:00.000,1768.178,1782.678,1765.528,1775.428,36072696.6858
02.07.2021 00:00:00.000,1775.445,1794.928,1774.108,1786.978,35136943.8171
03.07.2021 00:00:00.000,1786.978,1786.978,1786.978,1786.978,0
04.07.2021 00:00:00.000,1786.527,1787.576,1785.368,1786.108,724421.0243
05.07.2021 00:00:00.000,1786.108,1795.128,1784.338,1791.118,20862335.2051
06.07.2021 00:00:00.000,1791.118,1814.918,1789.938,1795.428,37370094.2993
07.07.2021 00:00:00.000,1795.388,1809.648,1793.746,1803.248,35738430.0232
08.07.2021 00:00:00.000,1803.228,1818.288,1794.177,1803.648,39131275.177
09.07.2021 00:00:00.000,1803.607,1812.298,1796.558,1807.838,31492250.4425
10.07.2021 00:00:00.000,1807.838,1807.838,1807.838,1807.838,0
11.07.2021 00:00:00.000,1807.568,1808.405,1806.218,1806.368,861360.0135
12.07.2021 00:00:00.000,1806.358,1810.708,1791.375,1806.998,34038196.5637
13.07.2021 00:00:00.000,1806.968,1817.061,1798.508,1805.948,38243175.5066
14.07.2021 00:00:00.000,1805.948,1829.678,1804.448,1826.258,37885723.114
15.07.2021 00:00:00.000,1826.258,1833.976,1820.130,1829.408,34209728.241
16.07.2021 00:00:00.000,1829.388,1831.428,1808.868,1811.548,33971469.8792
17.07.2021 00:00:00.000,1811.548,1811.548,1811.548,1811.548,0
18.07.2021 00:00:00.000,1810.891,1815.778,1810.238,1815.588,1138805.0318
19.07.2021 00:00:00.000,1815.588,1817.178,1794.865,1811.378,46458644.8669
20.07.2021 00:00:00.000,1811.388,1824.898,1804.948,1809.648,38269454.9561
21.07.2021 00:00:00.000,1809.565,1813.658,1794.608,1802.448,33522331.2378
22.07.2021 00:00:00.000,1802.448,1808.368,1792.648,1807.038,36295768.7378
23.07.2021 00:00:00.000,1807.038,1810.218,1789.407,1801.698,31759300.2319
24.07.2021 00:00:00.000,1801.698,1801.698,1801.698,1801.698,0
25.07.2021 00:00:00.000,1801.992,1802.608,1799.898,1800.198,902119.9942
26.07.2021 00:00:00.000,1800.198,1811.398,1796.295,1797.618,35711784.3628
27.07.2021 00:00:00.000,1797.588,1805.118,1793.488,1799.808,30421470.6421
28.07.2021 00:00:00.000,1799.818,1810.205,1792.418,1809.238,34772926.3306
29.07.2021 00:00:00.000,1809.188,1832.590,1808.498,1830.138,32937709.8083
30.07.2021 00:00:00.000,1830.138,1831.248,1810.138,1813.398,27425434.1125
31.07.2021 00:00:00.000,1813.398,1813.398,1813.398,1813.398,0
01.08.2021 00:00:00.000,1813.321,1815.078,1811.978,1813.815,1562505.0068
02.08.2021 00:00:00.000,1813.815,1819.418,1805.638,1812.395,34637275.6958
03.08.2021 00:00:00.000,1812.525,1814.908,1807.018,1811.058,23827980.0415
04.08.2021 00:00:00.000,1811.028,1831.605,1806.325,1811.518,31710050.5829
05.08.2021 00:00:00.000,1811.518,1814.748,1797.708,1803.405,28819339.7522
06.08.2021 00:00:00.000,1803.398,1803.615,1758.578,1762.568,34258956.9092
07.08.2021 00:00:00.000,1762.568,1762.568,1762.568,1762.568,0
08.08.2021 00:00:00.000,1762.888,1764.448,1670.488,1718.975,4377391.8152
09.08.2021 00:00:00.000,1718.975,1752.498,1706.485,1731.395,41937652.5879
10.08.2021 00:00:00.000,1731.395,1738.158,1717.598,1726.818,32263286.5906
11.08.2021 00:00:00.000,1726.808,1754.288,1723.988,1752.235,32761005.4016
12.08.2021 00:00:00.000,1752.235,1758.038,1741.478,1753.328,28467250.824
13.08.2021 00:00:00.000,1753.328,1779.848,1751.568,1779.218,28588659.2865
14.08.2021 00:00:00.000,1779.218,1779.218,1779.218,1779.218,0
15.08.2021 00:00:00.000,1778.127,1779.998,1777.877,1778.778,1093611.9556
16.08.2021 00:00:00.000,1778.778,1789.198,1770.699,1787.408,36484004.9744
17.08.2021 00:00:00.000,1787.358,1795.437,1780.448,1786.048,31556875.2289
18.08.2021 00:00:00.000,1786.048,1793.638,1777.208,1787.388,28546333.313
19.08.2021 00:00:00.000,1787.398,1792.368,1774.358,1778.928,34041179.657
20.08.2021 00:00:00.000,1778.938,1788.281,1778.268,1780.458,29484090.8051
21.08.2021 00:00:00.000,1780.458,1780.458,1780.458,1780.458,0
22.08.2021 00:00:00.000,1779.598,1782.228,1777.258,1778.538,1011144.042
23.08.2021 00:00:00.000,1778.568,1806.378,1776.388,1804.728,29607761.3831
24.08.2021 00:00:00.000,1804.668,1809.465,1800.648,1801.708,26443723.6786
25.08.2021 00:00:00.000,1801.668,1802.558,1782.448,1791.555,28369764.328
26.08.2021 00:00:00.000,1791.535,1798.095,1779.928,1793.418,30593490.6006
27.08.2021 00:00:00.000,1793.408,1819.225,1783.798,1816.158,32981464.386
28.08.2021 00:00:00.000,1816.158,1816.158,1816.158,1816.158,0
29.08.2021 00:00:00.000,1818.332,1819.028,1817.148,1818.368,1090574.9798
30.08.2021 00:00:00.000,1818.388,1823.079,1807.618,1810.348,22330802.9175
31.08.2021 00:00:00.000,1810.348,1819.075,1801.598,1814.448,27799409.8663
01.09.2021 00:00:00.000,1814.408,1819.905,1808.575,1813.058,24433698.6542
02.09.2021 00:00:00.000,1813.048,1817.004,1804.885,1809.418,22041545.8679
03.09.2021 00:00:00.000,1809.428,1833.908,1808.848,1827.288,32045608.5205
04.09.2021 00:00:00.000,1827.288,1827.288,1827.288,1827.288,0
05.09.2021 00:00:00.000,1829.972,1830.098,1827.358,1827.488,806134.9988
06.09.2021 00:00:00.000,1827.458,1828.378,1821.335,1823.448,13871501.9226
07.09.2021 00:00:00.000,1823.428,1827.128,1792.298,1795.608,33205318.4509
08.09.2021 00:00:00.000,1795.588,1802.074,1782.254,1790.648,39142288.208
09.09.2021 00:00:00.000,1790.658,1800.877,1783.717,1794.664,28110261.9171
10.09.2021 00:00:00.000,1794.664,1803.754,1786.978,1787.048,36162303.9246
11.09.2021 00:00:00.000,1787.048,1787.048,1787.048,1787.048,0
12.09.2021 00:00:00.000,1788.354,1789.358,1786.918,1787.278,926460.0277
13.09.2021 00:00:00.000,1787.268,1798.264,1783.568,1792.938,37232872.0093
14.09.2021 00:00:00.000,1792.934,1808.558,1780.285,1803.618,42270362.854
15.09.2021 00:00:00.000,1803.618,1806.798,1790.658,1794.968,34489009.8572
16.09.2021 00:00:00.000,1794.968,1796.074,1745.218,1753.778,38568786.6211
17.09.2021 00:00:00.000,1753.768,1767.417,1747.258,1753.488,35938228.6072
18.09.2021 00:00:00.000,1753.488,1753.488,1753.488,1753.488,0
19.09.2021 00:00:00.000,1753.962,1755.054,1751.224,1754.014,1160222.0535
20.09.2021 00:00:00.000,1754.024,1767.048,1741.978,1764.878,36087440.4907
21.09.2021 00:00:00.000,1764.858,1781.658,1757.838,1774.824,35712455.7495
22.09.2021 00:00:00.000,1774.824,1787.188,1764.498,1766.844,41051826.4771
23.09.2021 00:00:00.000,1766.844,1776.459,1737.768,1746.118,40433151.2451
24.09.2021 00:00:00.000,1746.128,1757.557,1740.338,1749.878,36756111.145
25.09.2021 00:00:00.000,1749.878,1749.878,1749.878,1749.878,0
26.09.2021 00:00:00.000,1751.498,1751.498,1748.094,1749.448,933957.994
27.09.2021 00:00:00.000,1749.444,1760.738,1744.764,1751.204,44654544.8303
28.09.2021 00:00:00.000,1751.184,1754.344,1728.008,1735.245,50399978.6377
29.09.2021 00:00:00.000,1735.245,1745.418,1721.548,1728.728,50860881.8054
30.09.2021 00:00:00.000,1728.716,1764.086,1722.098,1752.978,52912307.7393
01.10.2021 00:00:00.000,1752.968,1764.178,1749.655,1760.098,48845375.061
02.10.2021 00:00:00.000,1760.098,1760.098,1760.098,1760.098,0
03.10.2021 00:00:00.000,1762.078,1765.153,1760.145,1763.058,2031413.0783
04.10.2021 00:00:00.000,1763.058,1770.475,1747.608,1767.955,51945724.4873
05.10.2021 00:00:00.000,1767.958,1768.265,1748.488,1759.228,43009567.2607
06.10.2021 00:00:00.000,1759.278,1765.015,1745.770,1763.908,50346061.7065
07.10.2021 00:00:00.000,1763.898,1766.848,1751.838,1755.028,39214324.9512
08.10.2021 00:00:00.000,1755.018,1781.228,1753.238,1756.608,38381637.5732
09.10.2021 00:00:00.000,1756.608,1756.608,1756.608,1756.608,0
10.10.2021 00:00:00.000,1757.145,1758.125,1750.995,1753.878,1807415.0085
11.10.2021 00:00:00.000,1753.885,1760.878,1750.068,1753.198,43108135.2234
12.10.2021 00:00:00.000,1753.378,1769.238,1750.658,1760.298,42120670.3186
13.10.2021 00:00:00.000,1760.298,1796.064,1757.829,1791.638,46852043.1519
14.10.2021 00:00:00.000,1791.608,1800.458,1786.598,1795.288,36694969.1772
15.10.2021 00:00:00.000,1795.298,1796.378,1764.748,1766.658,38121093.75
16.10.2021 00:00:00.000,1766.658,1766.658,1766.658,1766.658,0
17.10.2021 00:00:00.000,1766.573,1771.964,1764.754,1770.874,1808449.9836
18.10.2021 00:00:00.000,1770.894,1772.008,1760.184,1763.884,45573398.5901
19.10.2021 00:00:00.000,1763.885,1785.038,1763.188,1768.598,42081085.2051
20.10.2021 00:00:00.000,1768.598,1788.368,1766.744,1781.368,44071723.938
21.10.2021 00:00:00.000,1781.348,1789.368,1776.374,1784.564,45824569.7021
22.10.2021 00:00:00.000,1784.484,1813.748,1782.788,1791.628,53101169.5862
23.10.2021 00:00:00.000,1791.628,1791.628,1791.628,1791.628,0
24.10.2021 00:00:00.000,1792.473,1794.358,1792.168,1794.308,1547353.9829
25.10.2021 00:00:00.000,1794.378,1809.974,1792.164,1807.778,44964046.4783
26.10.2021 00:00:00.000,1807.758,1807.868,1782.288,1793.468,37171943.6646
27.10.2021 00:00:00.000,1793.478,1798.978,1783.374,1796.518,39739063.2629
28.10.2021 00:00:00.000,1796.488,1810.344,1792.198,1799.484,47894985.199
29.10.2021 00:00:00.000,1799.484,1799.864,1771.848,1782.988,47305389.4043
30.10.2021 00:00:00.000,1782.988,1782.988,1782.988,1782.988,0
31.10.2021 00:00:00.000,1783.028,1783.582,1778.998,1779.958,890049.994
01.11.2021 00:00:00.000,1779.948,1795.738,1779.928,1791.978,36296108.2458
02.11.2021 00:00:00.000,1792.067,1796.288,1786.254,1787.038,29745674.1333
03.11.2021 00:00:00.000,1787.015,1787.508,1758.644,1777.164,33758773.8037
04.11.2021 00:00:00.000,1777.164,1798.804,1770.664,1791.214,41479450.2258
05.11.2021 00:00:00.000,1791.224,1818.128,1784.894,1817.588,42303436.2793
06.11.2021 00:00:00.000,1817.588,1817.588,1817.588,1817.588,0
07.11.2021 00:00:00.000,1818.383,1818.423,1814.823,1815.713,809599.9956
08.11.2021 00:00:00.000,1815.713,1826.403,1812.313,1824.508,32955554.9622
09.11.2021 00:00:00.000,1824.523,1832.633,1819.043,1829.813,56225456.2378
10.11.2021 00:00:00.000,1829.813,1868.458,1822.168,1848.444,43630474.0906
11.11.2021 00:00:00.000,1848.444,1865.898,1842.748,1862.198,33832763.6719
12.11.2021 00:00:00.000,1862.208,1868.568,1845.088,1864.448,36329261.7798
13.11.2021 00:00:00.000,1864.448,1864.448,1864.448,1864.448,0
14.11.2021 00:00:00.000,1869.364,1869.364,1865.154,1865.438,823939.9791
15.11.2021 00:00:00.000,1865.448,1870.468,1856.318,1862.258,41040225.9827
16.11.2021 00:00:00.000,1862.191,1877.118,1849.328,1850.208,40355094.9097
17.11.2021 00:00:00.000,1850.208,1867.958,1849.434,1866.378,35179771.4233
18.11.2021 00:00:00.000,1866.374,1870.814,1854.948,1859.448,42079116.8213
19.11.2021 00:00:00.000,1859.464,1865.668,1842.869,1845.175,56762699.1272
20.11.2021 00:00:00.000,1845.175,1845.175,1845.175,1845.175,0
21.11.2021 00:00:00.000,1846.534,1847.048,1838.648,1844.878,897090.0178
22.11.2021 00:00:00.000,1844.888,1848.984,1802.144,1808.928,46658096.3135
23.11.2021 00:00:00.000,1808.908,1812.318,1781.859,1790.718,44482749.939
24.11.2021 00:00:00.000,1790.708,1796.285,1778.398,1789.528,37911716.4612
25.11.2021 00:00:00.000,1789.518,1794.968,1787.718,1792.528,14352910.0418
26.11.2021 00:00:00.000,1792.548,1815.408,1780.358,1792.665,38047721.8628
27.11.2021 00:00:00.000,1792.665,1792.665,1792.665,1792.665,0
28.11.2021 00:00:00.000,1790.195,1795.565,1775.563,1795.425,1595080.9717
29.11.2021 00:00:00.000,1795.405,1799.258,1781.008,1786.685,37799850.4639
30.11.2021 00:00:00.000,1786.685,1808.618,1769.758,1773.098,51150180.8167
01.12.2021 00:00:00.000,1773.128,1794.410,1772.428,1781.645,45581626.8921
02.12.2021 00:00:00.000,1781.625,1781.875,1761.815,1768.885,43122440.3381
03.12.2021 00:00:00.000,1768.885,1785.998,1766.020,1782.788,52030635.8337
04.12.2021 00:00:00.000,1782.788,1782.788,1782.788,1782.788,0
05.12.2021 00:00:00.000,1784.355,1785.245,1780.538,1782.775,968344.9864
06.12.2021 00:00:00.000,1782.768,1787.635,1775.587,1780.825,44020618.4387
07.12.2021 00:00:00.000,1780.825,1787.708,1772.168,1784.598,54030220.0317
08.12.2021 00:00:00.000,1784.628,1792.998,1779.478,1783.355,32219688.4155
09.12.2021 00:00:00.000,1783.345,1787.505,1773.138,1776.218,31722946.167
10.12.2021 00:00:00.000,1776.218,1789.398,1769.968,1782.288,30864959.7168
11.12.2021 00:00:00.000,1782.288,1782.288,1782.288,1782.288,0
12.12.2021 00:00:00.000,1783.055,1784.298,1781.778,1783.098,852464.9739
13.12.2021 00:00:00.000,1783.095,1791.455,1781.698,1785.668,34705509.1858
14.12.2021 00:00:00.000,1785.648,1789.415,1766.358,1772.358,35072719.574
15.12.2021 00:00:00.000,1772.368,1781.342,1752.928,1779.345,43255535.1257
16.12.2021 00:00:00.000,1779.348,1799.925,1775.418,1798.648,40818042.7551
17.12.2021 00:00:00.000,1798.668,1814.148,1795.758,1797.708,32575801.8494
18.12.2021 00:00:00.000,1797.708,1797.708,1797.708,1797.708,0
19.12.2021 00:00:00.000,1799.445,1801.555,1798.508,1799.948,889590.0249
20.12.2021 00:00:00.000,1800.108,1804.058,1788.188,1791.515,42566627.5024
21.12.2021 00:00:00.000,1791.515,1800.438,1784.838,1790.455,33709304.8096
22.12.2021 00:00:00.000,1790.455,1804.955,1785.795,1803.568,30713016.51
23.12.2021 00:00:00.000,1803.558,1810.629,1798.778,1808.355,28287609.1003
24.12.2021 00:00:00.000,1808.355,1808.355,1808.355,1808.355,0
25.12.2021 00:00:00.000,1808.355,1808.355,1808.355,1808.355,0
26.12.2021 00:00:00.000,1808.544,1808.544,1805.658,1807.178,553279.9959
27.12.2021 00:00:00.000,1807.178,1813.388,1802.855,1812.274,25125129.6997
28.12.2021 00:00:00.000,1812.264,1820.099,1804.918,1806.428,24304414.7491
29.12.2021 00:00:00.000,1806.419,1807.578,1789.348,1804.485,26662660.5988
30.12.2021 00:00:00.000,1804.485,1817.108,1796.058,1815.588,23858066.5588
31.12.2021 00:00:00.000,1815.618,1830.248,1814.598,1829.058,24128715.5151
01.01.2022 00:00:00.000,1829.058,1829.058,1829.058,1829.058,0
02.01.2022 00:00:00.000,1828.604,1831.624,1827.898,1828.354,692910.0156
03.01.2022 00:00:00.000,1828.294,1831.458,1798.189,1804.028,36601215.3625
04.01.2022 00:00:00.000,1804.024,1816.688,1798.388,1813.788,37423572.5403
05.01.2022 00:00:00.000,1813.815,1829.584,1808.168,1810.178,42011955.2612
06.01.2022 00:00:00.000,1810.228,1811.438,1786.288,1791.278,49875503.54
07.01.2022 00:00:00.000,1791.255,1798.515,1782.495,1795.808,40953365.3259
08.01.2022 00:00:00.000,1795.808,1795.808,1795.808,1795.808,0
09.01.2022 00:00:00.000,1793.955,1796.098,1793.685,1795.048,781814.9924
10.01.2022 00:00:00.000,1795.048,1802.848,1790.235,1801.088,42463016.51
11.01.2022 00:00:00.000,1801.088,1823.228,1801.055,1820.588,40464923.8586
12.01.2022 00:00:00.000,1820.588,1827.984,1814.578,1825.168,39035770.4163
13.01.2022 00:00:00.000,1825.168,1828.058,1812.228,1820.728,37327800.7507
14.01.2022 00:00:00.000,1820.728,1829.048,1814.578,1817.418,40043224.3347
15.01.2022 00:00:00.000,1817.418,1817.418,1817.418,1817.418,0
16.01.2022 00:00:00.000,1817.044,1819.254,1815.768,1816.268,795499.9804
17.01.2022 00:00:00.000,1816.268,1823.088,1813.000,1818.938,20556270.5994
18.01.2022 00:00:00.000,1818.938,1822.644,1805.658,1814.158,51783775.3296
19.01.2022 00:00:00.000,1814.168,1843.318,1810.143,1838.414,47174968.7195
20.01.2022 00:00:00.000,1838.424,1847.804,1835.808,1838.808,50070613.8611
21.01.2022 00:00:00.000,1838.848,1843.108,1828.384,1834.328,51934368.1335
22.01.2022 00:00:00.000,1834.328,1834.328,1834.328,1834.328,0
23.01.2022 00:00:00.000,1834.524,1836.948,1831.428,1834.598,1233260.0355
24.01.2022 00:00:00.000,1834.588,1844.208,1829.558,1843.538,62929039.0015
25.01.2022 00:00:00.000,1843.538,1853.748,1834.838,1849.398,52620269.7754
26.01.2022 00:00:00.000,1849.355,1849.448,1814.838,1821.828,56466388.7024
27.01.2022 00:00:00.000,1821.848,1821.858,1791.678,1797.158,58467971.8018
28.01.2022 00:00:00.000,1797.158,1799.308,1780.158,1791.028,55546977.9968
29.01.2022 00:00:00.000,1791.028,1791.028,1791.028,1791.028,0
30.01.2022 00:00:00.000,1791.928,1791.928,1788.338,1789.408,1167840.004
31.01.2022 00:00:00.000,1789.408,1799.805,1785.458,1797.748,44606933.5938
01.02.2022 00:00:00.000,1797.708,1808.638,1795.625,1800.578,40898712.1582
02.02.2022 00:00:00.000,1800.578,1810.718,1794.358,1807.755,38971733.0933
03.02.2022 00:00:00.000,1807.798,1808.875,1788.538,1805.608,55308048.2483
04.02.2022 00:00:00.000,1805.608,1814.798,1792.018,1807.558,54601726.532
05.02.2022 00:00:00.000,1807.558,1807.558,1807.558,1807.558,0
06.02.2022 00:00:00.000,1806.719,1811.308,1806.678,1809.934,1487300.0383
07.02.2022 00:00:00.000,1809.968,1823.458,1808.638,1821.878,75904663.0859
08.02.2022 00:00:00.000,1821.878,1828.664,1815.314,1825.838,57241149.9023
09.02.2022 00:00:00.000,1825.854,1835.708,1824.538,1832.508,43223548.8892
10.02.2022 00:00:00.000,1832.518,1841.838,1821.534,1826.708,62524261.4746
11.02.2022 00:00:00.000,1826.708,1865.378,1820.838,1857.898,67789291.3818
12.02.2022 00:00:00.000,1857.898,1857.898,1857.898,1857.898,0
13.02.2022 00:00:00.000,1859.233,1862.028,1855.308,1859.404,1690719.9621
14.02.2022 00:00:00.000,1859.428,1874.018,1850.698,1870.948,75157012.9395
15.02.2022 00:00:00.000,1870.928,1879.378,1844.398,1852.848,58586509.7046
16.02.2022 00:00:00.000,1852.848,1872.498,1850.188,1869.788,52200828.5522
17.02.2022 00:00:00.000,1869.808,1901.016,1867.698,1899.878,70517372.1313
18.02.2022 00:00:00.000,1899.903,1902.358,1886.478,1897.768,57706558.2275
19.02.2022 00:00:00.000,1897.768,1897.768,1897.768,1897.768,0
20.02.2022 00:00:00.000,1900.818,1906.348,1896.651,1904.758,1229995.966
21.02.2022 00:00:00.000,1904.758,1914.023,1887.453,1909.448,56080669.4031
22.02.2022 00:00:00.000,1909.418,1913.798,1891.268,1898.148,70482498.1689
23.02.2022 00:00:00.000,1898.148,1911.458,1889.548,1910.623,58223258.9722
24.02.2022 00:00:00.000,1910.643,1974.398,1877.938,1906.398,109124603.2715
25.02.2022 00:00:00.000,1906.398,1921.478,1882.828,1888.528,74618942.2607
26.02.2022 00:00:00.000,1888.528,1888.528,1888.528,1888.528,0
27.02.2022 00:00:00.000,1919.206,1930.948,1904.208,1910.038,2415009.9754
28.02.2022 00:00:00.000,1910.038,1919.288,1890.768,1906.178,80665229.7974
01.03.2022 00:00:00.000,1906.178,1950.078,1901.268,1942.188,90632164.0015
02.03.2022 00:00:00.000,1942.188,1947.788,1913.738,1928.668,75617668.1519
03.03.2022 00:00:00.000,1928.668,1941.203,1921.906,1934.807,79271942.1387
04.03.2022 00:00:00.000,1934.807,1970.648,1929.498,1969.848,102974479.6753
05.03.2022 00:00:00.000,1969.848,1969.848,1969.848,1969.848,0
06.03.2022 00:00:00.000,1974.472,1991.358,1974.192,1988.608,2983530.0446
07.03.2022 00:00:00.000,1988.608,2002.518,1960.878,1998.608,91880905.1514
08.03.2022 00:00:00.000,1998.678,2070.358,1980.938,2043.648,86059173.584
09.03.2022 00:00:00.000,2043.728,2059.068,1976.008,1989.728,75987205.5054
10.03.2022 00:00:00.000,1989.728,2009.062,1970.508,1995.168,55219783.783
11.03.2022 00:00:00.000,1995.168,1997.142,1958.438,1988.248,40495563.5071
12.03.2022 00:00:00.000,1988.248,1988.248,1988.248,1988.248,0
13.03.2022 00:00:00.000,1984.742,1990.308,1970.548,1974.108,1448964.9534
14.03.2022 00:00:00.000,1974.148,1978.662,1949.628,1952.058,38157554.6265
15.03.2022 00:00:00.000,1952.058,1952.088,1906.948,1917.853,48358268.7378
16.03.2022 00:00:00.000,1917.829,1929.328,1894.948,1926.898,48179996.4905
17.03.2022 00:00:00.000,1926.888,1949.748,1925.363,1943.778,40023349.762
18.03.2022 00:00:00.000,1943.765,1945.203,1917.798,1921.198,32650798.7976
19.03.2022 00:00:00.000,1921.198,1921.198,1921.198,1921.198,0
20.03.2022 00:00:00.000,1921.358,1926.168,1918.058,1918.938,1595024.9434
21.03.2022 00:00:00.000,1918.928,1941.168,1917.858,1935.488,32016651.1536
22.03.2022 00:00:00.000,1935.488,1938.268,1910.508,1919.543,36981521.6064
23.03.2022 00:00:00.000,1919.523,1948.293,1915.453,1945.968,34265403.7476
24.03.2022 00:00:00.000,1945.919,1966.083,1937.278,1959.155,37329189.3005
25.03.2022 00:00:00.000,1959.155,1964.153,1942.998,1957.688,49423759.4604
26.03.2022 00:00:00.000,1957.688,1957.688,1957.688,1957.688,0
27.03.2022 00:00:00.000,1956.968,1959.053,1954.613,1957.063,1437680.006
28.03.2022 00:00:00.000,1957.063,1958.258,1916.838,1923.918,57594455.719
29.03.2022 00:00:00.000,1923.938,1929.168,1889.998,1916.268,60258201.5991
30.03.2022 00:00:00.000,1916.298,1938.428,1915.788,1933.958,46627311.7065
31.03.2022 00:00:00.000,1933.938,1949.723,1918.988,1936.675,50538589.4775
01.04.2022 00:00:00.000,1936.675,1939.358,1917.908,1924.778,39717800.1404
02.04.2022 00:00:00.000,1924.778,1924.778,1924.778,1924.778,0
03.04.2022 00:00:00.000,1923.788,1925.758,1921.308,1924.578,1271909.9522
04.04.2022 00:00:00.000,1924.578,1936.878,1915.328,1931.428,41209671.0205
05.04.2022 00:00:00.000,1931.428,1944.463,1917.838,1920.518,40058311.4624
06.04.2022 00:00:00.000,1920.458,1933.348,1915.038,1923.632,49751449.585
07.04.2022 00:00:00.000,1923.678,1937.708,1920.378,1932.848,62132858.2764
08.04.2022 00:00:00.000,1932.878,1948.088,1927.548,1947.138,40381229.4006
09.04.2022 00:00:00.000,1947.138,1947.138,1947.138,1947.138,0
10.04.2022 00:00:00.000,1946.138,1949.838,1943.118,1944.578,1497552.0372
11.04.2022 00:00:00.000,1944.578,1969.558,1939.882,1952.638,53101722.7173
12.04.2022 00:00:00.000,1952.638,1978.508,1949.518,1965.758,46475070.9534
13.04.2022 00:00:00.000,1965.752,1981.482,1962.718,1977.062,46720230.1025
14.04.2022 00:00:00.000,1977.088,1980.248,1960.412,1973.218,46469100.9521
15.04.2022 00:00:00.000,1973.218,1973.218,1973.218,1973.218,0
16.04.2022 00:00:00.000,1973.218,1973.218,1973.218,1973.218,0
17.04.2022 00:00:00.000,1974.038,1988.028,1970.838,1986.622,3772597.0745
18.04.2022 00:00:00.000,1986.618,1998.268,1976.122,1977.058,44256916.0461
19.04.2022 00:00:00.000,1977.068,1981.848,1943.588,1949.618,53235038.7573
20.04.2022 00:00:00.000,1949.592,1958.208,1939.160,1956.662,55623870.8496
21.04.2022 00:00:00.000,1956.658,1957.278,1936.632,1950.848,50233699.7986
22.04.2022 00:00:00.000,1950.848,1955.482,1926.458,1930.708,59059650.4211
23.04.2022 00:00:00.000,1930.708,1930.708,1930.708,1930.708,0
24.04.2022 00:00:00.000,1930.523,1934.328,1927.953,1932.508,1704079.9856
25.04.2022 00:00:00.000,1932.568,1932.663,1891.373,1899.258,63122550.9644
26.04.2022 00:00:00.000,1899.248,1911.108,1895.608,1906.453,52158981.3232
27.04.2022 00:00:00.000,1906.458,1906.898,1881.248,1885.513,58656978.6072
28.04.2022 00:00:00.000,1885.493,1896.608,1871.938,1895.428,55410530.0903
29.04.2022 00:00:00.000,1895.418,1919.838,1894.373,1895.748,55553070.0684
30.04.2022 00:00:00.000,1895.748,1895.748,1895.748,1895.748,0
01.05.2022 00:00:00.000,1895.635,1899.788,1895.338,1897.118,2325925.1118
02.05.2022 00:00:00.000,1897.118,1898.373,1854.468,1863.098,52327728.2715
03.05.2022 00:00:00.000,1863.098,1877.998,1850.308,1868.278,46064094.5435
04.05.2022 00:00:00.000,1868.278,1893.998,1861.298,1893.814,47249507.9041
05.05.2022 00:00:00.000,1893.814,1909.633,1872.358,1874.078,63211280.8228
06.05.2022 00:00:00.000,1874.063,1892.373,1866.001,1883.148,53839511.8713
07.05.2022 00:00:00.000,1883.148,1883.148,1883.148,1883.148,0
08.05.2022 00:00:00.000,1883.068,1885.558,1879.778,1881.128,1690991.9977
09.05.2022 00:00:00.000,1881.118,1881.988,1851.558,1854.565,53650768.28
10.05.2022 00:00:00.000,1854.565,1865.278,1833.218,1833.463,56308708.1909
11.05.2022 00:00:00.000,1833.463,1858.018,1831.838,1853.963,54665729.5227
12.05.2022 00:00:00.000,1854.058,1858.708,1810.734,1821.248,62537448.8831
13.05.2022 00:00:00.000,1821.248,1828.678,1798.968,1810.678,44902648.9258
14.05.2022 00:00:00.000,1810.678,1810.678,1810.678,1810.678,0
15.05.2022 00:00:00.000,1809.648,1814.768,1809.628,1813.078,1619770.05
16.05.2022 00:00:00.000,1813.048,1829.268,1786.638,1826.254,46540889.74
17.05.2022 00:00:00.000,1826.393,1835.998,1812.778,1814.428,54639152.5269
18.05.2022 00:00:00.000,1814.398,1824.614,1807.228,1815.938,48911029.8157
19.05.2022 00:00:00.000,1815.948,1849.053,1810.798,1841.944,49863113.4033
20.05.2022 00:00:00.000,1841.973,1849.304,1832.178,1845.738,39126396.1792
21.05.2022 00:00:00.000,1845.738,1845.738,1845.738,1845.738,0
22.05.2022 00:00:00.000,1844.686,1857.858,1843.353,1846.218,1368795.0373
23.05.2022 00:00:00.000,1846.218,1865.334,1845.648,1853.758,37978851.3184
24.05.2022 00:00:00.000,1853.768,1869.573,1849.208,1867.345,33898540.4968
25.05.2022 00:00:00.000,1867.345,1867.878,1842.138,1853.908,31108154.2969
26.05.2022 00:00:00.000,1853.908,1854.218,1840.798,1852.628,35251773.8342
27.05.2022 00:00:00.000,1852.648,1861.838,1847.828,1852.838,29183420.1813
28.05.2022 00:00:00.000,1852.838,1852.838,1852.838,1852.838,0
29.05.2022 00:00:00.000,1852.538,1853.788,1848.008,1849.753,747739.9707
30.05.2022 00:00:00.000,1849.748,1863.883,1848.598,1852.358,17541664.1235
31.05.2022 00:00:00.000,1852.328,1857.018,1834.858,1836.328,36209735.8704
01.06.2022 00:00:00.000,1836.318,1849.894,1828.358,1845.864,34104961.3953
02.06.2022 00:00:00.000,1845.864,1870.508,1843.908,1869.718,28234380.722
03.06.2022 00:00:00.000,1869.738,1873.963,1847.273,1850.338,29439159.3933
04.06.2022 00:00:00.000,1850.338,1850.338,1850.338,1850.338,0
05.06.2022 00:00:00.000,1850.618,1853.113,1849.538,1851.458,622870.028
06.06.2022 00:00:00.000,1851.468,1857.748,1837.798,1839.288,31927122.1161
07.06.2022 00:00:00.000,1839.268,1855.458,1836.923,1853.458,30952909.4696
08.06.2022 00:00:00.000,1853.548,1859.573,1844.478,1852.643,29472919.4641
09.06.2022 00:00:00.000,1852.673,1855.268,1839.910,1846.794,33118221.283
10.06.2022 00:00:00.000,1846.798,1875.868,1824.948,1871.038,41446300.5066
11.06.2022 00:00:00.000,1871.038,1871.038,1871.038,1871.038,0
12.06.2022 00:00:00.000,1874.938,1878.763,1873.638,1876.883,1713966.012
13.06.2022 00:00:00.000,1876.878,1877.363,1809.153,1820.878,56131229.4006
14.06.2022 00:00:00.000,1820.833,1831.538,1804.963,1810.773,52763858.7952
15.06.2022 00:00:00.000,1810.813,1841.838,1808.528,1833.708,56292701.7212
16.06.2022 00:00:00.000,1833.708,1857.418,1814.718,1850.634,51208183.2886
17.06.2022 00:00:00.000,1850.638,1852.953,1833.714,1838.778,46106361.3892
18.06.2022 00:00:00.000,1838.778,1838.778,1838.778,1838.778,0
19.06.2022 00:00:00.000,1837.448,1840.228,1834.493,1838.318,1157349.9441
20.06.2022 00:00:00.000,1838.318,1845.998,1834.998,1838.988,27444910.0494
21.06.2022 00:00:00.000,1838.936,1843.518,1828.424,1831.325,39300552.3682
22.06.2022 00:00:00.000,1831.325,1847.778,1823.288,1836.428,40356010.437
23.06.2022 00:00:00.000,1836.438,1846.238,1822.388,1824.448,47740169.5251
24.06.2022 00:00:00.000,1824.443,1831.686,1816.898,1825.858,41410381.3171
25.06.2022 00:00:00.000,1825.858,1825.858,1825.858,1825.858,0
26.06.2022 00:00:00.000,1837.376,1839.363,1829.858,1830.928,1667211.0558
27.06.2022 00:00:00.000,1830.918,1840.948,1820.678,1823.443,42825531.0059
28.06.2022 00:00:00.000,1823.423,1829.412,1818.148,1818.298,34194759.3689
29.06.2022 00:00:00.000,1818.308,1832.958,1811.978,1818.763,39740310.6689
30.06.2022 00:00:00.000,1818.768,1825.008,1802.618,1806.428,43195728.302
01.07.2022 00:00:00.000,1806.448,1811.698,1784.397,1810.598,46765388.4888
02.07.2022 00:00:00.000,1810.598,1810.598,1810.598,1810.598,0
03.07.2022 00:00:00.000,1812.078,1812.169,1807.868,1807.924,1105005.9795
04.07.2022 00:00:00.000,1808.215,1814.198,1803.836,1809.108,24489900.589
05.07.2022 00:00:00.000,1809.158,1812.058,1763.748,1769.364,48154659.2712
06.07.2022 00:00:00.000,1769.364,1772.784,1732.128,1739.818,55536476.1353
07.07.2022 00:00:00.000,1739.834,1749.014,1736.358,1741.628,41799968.7195
08.07.2022 00:00:00.000,1741.738,1752.387,1732.919,1741.838,40893711.0901
09.07.2022 00:00:00.000,1741.838,1741.838,1741.838,1741.838,0
10.07.2022 00:00:00.000,1742.848,1744.528,1740.098,1741.828,787779.9869
11.07.2022 00:00:00.000,1741.828,1743.374,1731.128,1733.104,42244819.6411
12.07.2022 00:00:00.000,1733.128,1744.098,1723.048,1725.218,46015430.4504
13.07.2022 00:00:00.000,1725.218,1745.284,1706.948,1731.914,57473430.6335
14.07.2022 00:00:00.000,1731.914,1733.464,1697.438,1711.504,59264019.0125
15.07.2022 00:00:00.000,1711.504,1716.518,1698.948,1707.798,43077228.5461
16.07.2022 00:00:00.000,1707.798,1707.798,1707.798,1707.798,0
17.07.2022 00:00:00.000,1707.238,1710.528,1705.758,1710.174,1391299.963
18.07.2022 00:00:00.000,1710.138,1723.798,1706.584,1708.144,43939174.6521
19.07.2022 00:00:00.000,1708.124,1718.321,1705.224,1709.888,35203273.7732
20.07.2022 00:00:00.000,1709.838,1714.411,1692.338,1695.308,36118087.7686
21.07.2022 00:00:00.000,1695.298,1720.238,1680.748,1718.036,45593833.9233
22.07.2022 00:00:00.000,1718.036,1739.253,1712.724,1726.618,38580394.7449
23.07.2022 00:00:00.000,1726.618,1726.618,1726.618,1726.618,0
24.07.2022 00:00:00.000,1728.148,1728.148,1724.148,1724.598,1055647.9692
25.07.2022 00:00:00.000,1724.578,1736.174,1714.653,1718.878,39994121.5515
26.07.2022 00:00:00.000,1718.998,1728.074,1713.534,1717.814,35679111.4807
27.07.2022 00:00:00.000,1717.808,1740.138,1711.315,1738.628,39326789.856
28.07.2022 00:00:00.000,1738.618,1757.004,1733.828,1754.738,42636718.75
29.07.2022 00:00:00.000,1754.828,1767.784,1751.928,1765.698,38574890.1367
30.07.2022 00:00:00.000,1765.698,1765.698,1765.698,1765.698,0
31.07.2022 00:00:00.000,1764.809,1766.110,1760.728,1762.078,975419.9982
01.08.2022 00:00:00.000,1762.078,1775.314,1758.208,1772.158,41517612.4573
02.08.2022 00:00:00.000,1772.158,1787.928,1754.828,1756.648,44745170.5933
03.08.2022 00:00:00.000,1756.618,1772.662,1754.198,1763.615,35850555.4199
04.08.2022 00:00:00.000,1763.615,1794.898,1763.258,1793.264,36054031.3721
05.08.2022 00:00:00.000,1793.264,1794.764,1764.907,1774.718,39400981.9031
06.08.2022 00:00:00.000,1774.718,1774.718,1774.718,1774.718,0
07.08.2022 00:00:00.000,1773.748,1774.968,1770.565,1774.438,876299.0236
08.08.2022 00:00:00.000,1774.428,1790.564,1771.010,1789.034,33896240.2344
09.08.2022 00:00:00.000,1789.044,1800.364,1783.038,1793.968,30593839.6454
10.08.2022 00:00:00.000,1793.988,1807.768,1787.478,1791.528,36961715.6982
11.08.2022 00:00:00.000,1791.548,1799.149,1783.378,1788.828,37940551.7578
12.08.2022 00:00:00.000,1788.814,1802.548,1784.798,1801.778,35301200.8667
13.08.2022 00:00:00.000,1801.778,1801.778,1801.778,1801.778,0
14.08.2022 00:00:00.000,1802.308,1802.308,1798.828,1799.015,683470.0108
15.08.2022 00:00:00.000,1799.015,1801.588,1772.818,1778.384,38093891.1438
16.08.2022 00:00:00.000,1778.474,1783.038,1771.368,1775.488,31766439.4379
17.08.2022 00:00:00.000,1775.498,1782.194,1759.714,1764.865,40303695.6787
18.08.2022 00:00:00.000,1764.865,1772.294,1755.218,1758.378,36179508.2092
19.08.2022 00:00:00.000,1758.355,1758.458,1745.438,1746.498,35272918.7012
20.08.2022 00:00:00.000,1746.498,1746.498,1746.498,1746.498,0
21.08.2022 00:00:00.000,1746.298,1747.958,1744.848,1745.538,957149.9825
22.08.2022 00:00:00.000,1745.558,1748.958,1727.668,1735.084,39205890.6555
23.08.2022 00:00:00.000,1735.084,1753.974,1730.688,1745.868,40694599.1516
24.08.2022 00:00:00.000,1745.848,1755.798,1742.355,1750.908,35309799.1943
25.08.2022 00:00:00.000,1750.898,1765.368,1749.828,1756.255,33904430.3894
26.08.2022 00:00:00.000,1756.255,1758.684,1734.058,1737.338,38632648.468
27.08.2022 00:00:00.000,1737.338,1737.338,1737.338,1737.338,0
28.08.2022 00:00:00.000,1736.068,1738.348,1733.258,1734.654,1569530.0102
29.08.2022 00:00:00.000,1734.664,1745.418,1720.208,1739.348,36881519.3176
30.08.2022 00:00:00.000,1739.398,1740.334,1721.098,1723.198,40252441.4063
31.08.2022 00:00:00.000,1723.198,1726.428,1705.598,1708.818,44718540.1917
01.09.2022 00:00:00.000,1708.794,1708.794,1688.668,1697.018,39725460.0525
02.09.2022 00:00:00.000,1697.034,1717.878,1696.178,1711.278,38586265.564
03.09.2022 00:00:00.000,1711.278,1711.278,1711.278,1711.278,0
04.09.2022 00:00:00.000,1712.598,1713.001,1707.804,1707.995,966480.0167
05.09.2022 00:00:00.000,1707.995,1715.668,1707.574,1713.928,20732189.1785
06.09.2022 00:00:00.000,1713.928,1726.566,1699.708,1703.374,45411930.0842
07.09.2022 00:00:00.000,1703.408,1719.318,1691.218,1716.528,47256809.2346
08.09.2022 00:00:00.000,1716.498,1728.095,1703.878,1710.558,49033378.6011
09.09.2022 00:00:00.000,1710.578,1729.344,1709.698,1715.938,40939537.0483
10.09.2022 00:00:00.000,1715.938,1715.938,1715.938,1715.938,0
11.09.2022 00:00:00.000,1717.058,1720.058,1716.241,1718.335,1212039.9475
12.09.2022 00:00:00.000,1718.335,1735.035,1711.808,1725.155,45125278.4729
13.09.2022 00:00:00.000,1725.144,1731.710,1696.934,1702.064,54408496.8567
14.09.2022 00:00:00.000,1702.064,1707.014,1693.518,1697.384,51658908.844
15.09.2022 00:00:00.000,1697.404,1697.735,1660.240,1662.355,49785961.1511
16.09.2022 00:00:00.000,1662.355,1680.245,1654.048,1673.898,47186470.0317
17.09.2022 00:00:00.000,1673.898,1673.898,1673.898,1673.898,0
18.09.2022 00:00:00.000,1675.958,1679.865,1673.745,1677.848,1496691.9422
19.09.2022 00:00:00.000,1677.818,1678.628,1659.583,1675.635,42701160.4309
20.09.2022 00:00:00.000,1675.615,1679.288,1659.875,1666.281,42391849.5178
21.09.2022 00:00:00.000,1666.281,1687.948,1653.649,1666.938,55733551.0254
22.09.2022 00:00:00.000,1666.928,1684.788,1655.536,1672.605,63553680.4199
23.09.2022 00:00:00.000,1672.605,1675.838,1639.617,1643.598,55653640.7471
24.09.2022 00:00:00.000,1643.598,1643.598,1643.598,1643.598,0
25.09.2022 00:00:00.000,1643.458,1645.565,1640.198,1643.925,1160670.042
26.09.2022 00:00:00.000,1643.935,1649.648,1621.033,1627.508,65862602.2339
27.09.2022 00:00:00.000,1627.495,1642.335,1626.587,1628.718,66765716.5527
28.09.2022 00:00:00.000,1628.748,1662.645,1614.710,1656.095,64130882.2632
29.09.2022 00:00:00.000,1656.095,1665.045,1641.408,1664.455,59858055.1147
30.09.2022 00:00:00.000,1664.495,1675.265,1659.158,1659.978,52496578.2166
01.10.2022 00:00:00.000,1659.978,1659.978,1659.978,1659.978,0
02.10.2022 00:00:00.000,1662.198,1665.268,1660.125,1664.085,1239444.9711
03.10.2022 00:00:00.000,1664.005,1702.465,1659.595,1700.918,48254085.5408
04.10.2022 00:00:00.000,1700.918,1729.435,1695.068,1725.424,49614421.8445
05.10.2022 00:00:00.000,1725.434,1727.664,1700.458,1718.248,54753368.3777
06.10.2022 00:00:00.000,1718.264,1725.434,1706.812,1711.825,44043300.6287
07.10.2022 00:00:00.000,1711.825,1714.724,1690.504,1694.458,43399818.4204
08.10.2022 00:00:00.000,1694.458,1694.458,1694.458,1694.458,0
09.10.2022 00:00:00.000,1695.464,1699.714,1695.464,1696.568,820209.98
10.10.2022 00:00:00.000,1696.583,1697.128,1665.478,1669.998,41597354.8889
11.10.2022 00:00:00.000,1669.998,1683.840,1660.910,1663.955,51024440.7654
12.10.2022 00:00:00.000,1663.955,1678.215,1661.265,1674.438,48604747.7722
13.10.2022 00:00:00.000,1674.422,1682.336,1642.288,1663.345,56370368.9575
14.10.2022 00:00:00.000,1663.265,1671.655,1640.095,1643.618,54049659.729
15.10.2022 00:00:00.000,1643.618,1643.618,1643.618,1643.618,0
16.10.2022 00:00:00.000,1644.068,1647.568,1643.022,1647.398,1180603.981
17.10.2022 00:00:00.000,1647.345,1668.268,1646.198,1650.568,53210460.6628
18.10.2022 00:00:00.000,1652.408,1657.228,1646.508,1648.017,16773719.7876
19.10.2022 00:00:00.000,1652.157,1653.248,1626.247,1627.018,74902038.5742
20.10.2022 00:00:00.000,1626.907,1645.438,1622.257,1626.828,82086196.8994
21.10.2022 00:00:00.000,1626.828,1657.798,1617.067,1657.298,111829681.3965
22.10.2022 00:00:00.000,1657.298,1657.298,1657.298,1657.298,0
23.10.2022 00:00:00.000,1657.608,1670.748,1656.458,1661.148,8285380.3635
24.10.2022 00:00:00.000,1661.077,1663.248,1643.747,1651.588,95400306.7017
25.10.2022 00:00:00.000,1651.597,1662.187,1638.098,1652.598,77037857.0557
26.10.2022 00:00:00.000,1652.637,1674.678,1649.558,1667.358,73436851.5015
27.10.2022 00:00:00.000,1667.287,1670.648,1654.668,1661.728,78296508.7891
28.10.2022 00:00:00.000,1661.758,1666.858,1637.898,1644.498,67754348.7549
29.10.2022 00:00:00.000,1644.498,1644.498,1644.498,1644.498,0
30.10.2022 00:00:00.000,1643.398,1645.258,1641.297,1643.368,1926949.9779
31.10.2022 00:00:00.000,1643.388,1645.488,1631.578,1632.248,53291488.6475
01.11.2022 00:00:00.000,1632.257,1656.878,1630.477,1646.688,68666198.7305
02.11.2022 00:00:00.000,1646.878,1669.257,1631.708,1633.578,73746505.7373
03.11.2022 00:00:00.000,1633.537,1640.858,1616.477,1629.588,76079040.5273
04.11.2022 00:00:00.000,1629.647,1681.718,1629.198,1681.148,85962280.2734
05.11.2022 00:00:00.000,1681.148,1681.148,1681.148,1681.148,0
06.11.2022 00:00:00.000,1674.327,1680.137,1672.107,1672.527,2375940.0845
07.11.2022 00:00:00.000,1672.698,1681.758,1666.707,1673.918,63201049.8047
08.11.2022 00:00:00.000,1673.867,1716.738,1664.557,1711.367,67441352.8442
09.11.2022 00:00:00.000,1711.348,1722.168,1702.048,1706.348,77375961.3037
10.11.2022 00:00:00.000,1706.358,1756.998,1703.838,1752.078,82742698.6694
11.11.2022 00:00:00.000,1751.947,1772.448,1747.108,1771.198,83515213.0127
12.11.2022 00:00:00.000,1771.198,1771.198,1771.198,1771.198,0
13.11.2022 00:00:00.000,1765.917,1766.577,1761.177,1763.348,1897920.0125
14.11.2022 00:00:00.000,1763.298,1774.938,1753.098,1769.298,64759017.9443
15.11.2022 00:00:00.000,1769.398,1786.367,1766.948,1780.648,101712394.7144
16.11.2022 00:00:00.000,1780.587,1784.928,1770.167,1773.738,74521011.3525
17.11.2022 00:00:00.000,1773.647,1774.668,1754.268,1759.978,75586128.2349
18.11.2022 00:00:00.000,1759.897,1767.578,1747.317,1750.398,64158096.3135
19.11.2022 00:00:00.000,1750.398,1750.398,1750.398,1750.398,0
20.11.2022 00:00:00.000,1749.817,1752.518,1749.618,1752.157,1228379.9648
21.11.2022 00:00:00.000,1752.147,1752.807,1732.338,1738.358,53184139.2517
22.11.2022 00:00:00.000,1738.287,1749.598,1736.867,1740.998,49654899.5972
23.11.2022 00:00:00.000,1740.947,1753.177,1728.137,1752.198,60677051.5442
24.11.2022 00:00:00.000,1752.097,1758.468,1752.088,1755.207,39139511.1084
25.11.2022 00:00:00.000,1755.167,1760.958,1745.848,1754.417,42984840.3931
26.11.2022 00:00:00.000,1754.417,1754.417,1754.417,1754.417,0
27.11.2022 00:00:00.000,1755.787,1755.787,1749.607,1750.717,1396020.0548
28.11.2022 00:00:00.000,1750.697,1763.618,1739.348,1741.108,62629997.2534
29.11.2022 00:00:00.000,1741.118,1758.898,1740.057,1748.725,55944984.436
30.11.2022 00:00:00.000,1748.747,1773.348,1744.717,1773.248,68166870.1172
01.12.2022 00:00:00.000,1773.177,1804.298,1771.798,1802.098,75535751.3428
02.12.2022 00:00:00.000,1802.198,1802.898,1778.418,1797.248,74774841.3086
03.12.2022 00:00:00.000,1797.248,1797.248,1797.248,1797.248,0
04.12.2022 00:00:00.000,1795.937,1799.178,1794.207,1798.788,1846629.9772
05.12.2022 00:00:00.000,1798.767,1809.758,1766.000,1769.157,68000732.4219
06.12.2022 00:00:00.000,1769.137,1780.728,1767.118,1770.798,61203929.9011
07.12.2022 00:00:00.000,1770.808,1790.357,1768.588,1786.868,65662956.2378
08.12.2022 00:00:00.000,1786.908,1794.728,1781.268,1789.078,53371620.1782
09.12.2022 00:00:00.000,1789.037,1805.998,1788.298,1795.397,61812274.9329
10.12.2022 00:00:00.000,1795.397,1795.397,1795.397,1795.397,0
11.12.2022 00:00:00.000,1795.687,1797.067,1794.598,1794.848,1313210.0105
12.12.2022 00:00:00.000,1794.748,1795.328,1777.417,1781.915,45174240.1123
13.12.2022 00:00:00.000,1781.885,1824.358,1780.875,1809.575,38576538.0859
14.12.2022 00:00:00.000,1809.595,1814.035,1795.008,1807.575,37151771.5454
15.12.2022 00:00:00.000,1807.585,1807.725,1773.608,1776.475,36692813.8733
16.12.2022 00:00:00.000,1776.455,1794.198,1774.205,1792.598,32416450.5005
17.12.2022 00:00:00.000,1792.598,1792.598,1792.598,1792.598,0
18.12.2022 00:00:00.000,1792.257,1793.387,1790.895,1790.965,876839.9954
19.12.2022 00:00:00.000,1790.925,1798.637,1783.785,1787.125,26973810.1959
20.12.2022 00:00:00.000,1787.105,1821.035,1784.505,1817.135,41324771.8811
21.12.2022 00:00:00.000,1817.135,1823.685,1811.705,1814.845,30429399.4904
22.12.2022 00:00:00.000,1814.825,1820.325,1784.627,1793.415,29245750.4272
23.12.2022 00:00:00.000,1793.435,1803.095,1791.065,1798.198,26919630.0507
24.12.2022 00:00:00.000,1798.198,1798.198,1798.198,1798.198,0
25.12.2022 00:00:00.000,1798.198,1798.198,1798.198,1798.198,0
26.12.2022 00:00:00.000,1800.047,1803.965,1799.687,1801.685,585300.0283
27.12.2022 00:00:00.000,1801.705,1833.215,1800.565,1812.335,31242589.9506
28.12.2022 00:00:00.000,1812.315,1814.415,1796.905,1805.695,28066549.3011
29.12.2022 00:00:00.000,1805.655,1820.015,1804.205,1814.895,27453250.885
30.12.2022 00:00:00.000,1814.905,1825.877,1813.175,1823.463,56369140.625
31.12.2022 00:00:00.000,1823.463,1823.463,1823.463,1823.463,0
01.01.2023 00:00:00.000,1823.463,1823.463,1823.463,1823.463,0
02.01.2023 00:00:00.000,1826.837,1829.958,1823.287,1829.295,1650560.0214
03.01.2023 00:00:00.000,1829.285,1849.865,1826.685,1836.348,40380149.54339999
04.01.2023 00:00:00.000,1836.348,1865.035,1836.048,1854.648,44552329.92759999
05.01.2023 00:00:00.000,1854.615,1858.875,1824.995,1832.725,38377640.0386
06.01.2023 00:00:00.000,1832.715,1869.765,1831.198,1865.598,41144549.37
07.01.2023 00:00:00.000,1865.598,1865.598,1865.598,1865.598,0
08.01.2023 00:00:00.000,1867.537,1869.808,1864.477,1869.585,977029.9792
09.01.2023 00:00:00.000,1869.595,1881.445,1866.975,1870.415,28977549.9998
10.01.2023 00:00:00.000,1870.405,1880.635,1867.745,1877.165,32526640.057700004
11.01.2023 00:00:00.000,1877.125,1886.548,1867.015,1876.845,32386370.018099997
12.01.2023 00:00:00.000,1876.875,1901.475,1872.760,1897.955,35407264.82869999
13.01.2023 00:00:00.000,1897.965,1921.798,1892.205,1919.398,37621000.3495
14.01.2023 00:00:00.000,1919.398,1919.398,1919.398,1919.398,0
15.01.2023 00:00:00.000,1920.337,1922.047,1916.795,1916.845,1719789.9818
16.01.2023 00:00:00.000,1916.865,1928.885,1910.665,1917.845,22680700.0339
17.01.2023 00:00:00.000,1917.855,1918.925,1903.675,1908.558,27563257.068400007
18.01.2023 00:00:00.000,1908.558,1925.798,1896.495,1906.795,42057272.1957
19.01.2023 00:00:00.000,1906.825,1935.045,1900.855,1931.575,41981700.12239999
20.01.2023 00:00:00.000,1931.565,1937.435,1920.508,1925.298,31265750.169699997
21.01.2023 00:00:00.000,1925.298,1925.298,1925.298,1925.298,0
22.01.2023 00:00:00.000,1926.128,1927.548,1923.608,1927.165,734610.0211
23.01.2023 00:00:00.000,1927.175,1935.445,1911.248,1931.225,35221668.7205
24.01.2023 00:00:00.000,1931.235,1942.348,1917.065,1936.925,36649589.806899995
25.01.2023 00:00:00.000,1936.905,1948.725,1919.697,1948.175,28105769.9917
26.01.2023 00:00:00.000,1948.195,1949.085,1918.627,1930.655,29695658.80290001
27.01.2023 00:00:00.000,1930.645,1934.918,1916.525,1927.598,30451079.517399997
28.01.2023 00:00:00.000,1927.598,1927.598,1927.598,1927.598,0
29.01.2023 00:00:00.000,1927.108,1929.127,1925.378,1928.875,769179.9998
30.01.2023 00:00:00.000,1928.885,1934.425,1920.585,1921.985,24274859.9051
31.01.2023 00:00:00.000,1922.015,1930.998,1900.665,1927.198,28635489.851000004
01.02.2023 00:00:00.000,1927.198,1956.025,1920.435,1952.985,36371169.92470001
02.02.2023 00:00:00.000,1952.985,1959.625,1911.225,1915.025,35734245.0622
03.02.2023 00:00:00.000,1915.035,1918.485,1861.255,1864.548,38677779.555199996
04.02.2023 00:00:00.000,1864.548,1864.548,1864.548,1864.548,0
05.02.2023 00:00:00.000,1864.508,1869.775,1859.647,1865.425,1128299.9516
06.02.2023 00:00:00.000,1865.405,1881.198,1862.935,1868.445,31378590.1966
07.02.2023 00:00:00.000,1868.465,1884.348,1864.898,1872.865,36789880.424899995
08.02.2023 00:00:00.000,1872.855,1886.345,1868.898,1874.855,27150250.137000006
09.02.2023 00:00:00.000,1874.855,1890.098,1858.855,1862.305,27073049.8134
10.02.2023 00:00:00.000,1862.305,1872.035,1852.588,1864.698,27836669.9814
11.02.2023 00:00:00.000,1864.698,1864.698,1864.698,1864.698,0
12.02.2023 00:00:00.000,1863.917,1865.178,1862.538,1862.598,880810.0224
13.02.2023 00:00:00.000,1862.565,1866.395,1850.325,1854.355,24393909.976099998
14.02.2023 00:00:00.000,1854.355,1870.467,1843.165,1854.825,40791400.1197
15.02.2023 00:00:00.000,1854.815,1859.998,1830.475,1836.335,28294080.1383
16.02.2023 00:00:00.000,1836.375,1845.158,1827.555,1834.255,26652259.7076
17.02.2023 00:00:00.000,1834.255,1843.505,1818.805,1841.898,25224730.2235
18.02.2023 00:00:00.000,1841.898,1841.898,1841.898,1841.898,0
19.02.2023 00:00:00.000,1840.407,1841.798,1838.325,1838.595,542940.0206
20.02.2023 00:00:00.000,1838.585,1847.405,1837.145,1841.675,16856569.960800003
21.02.2023 00:00:00.000,1841.655,1843.738,1830.095,1835.435,31158840.0753
22.02.2023 00:00:00.000,1835.425,1845.905,1823.425,1825.055,30269490.063199997
23.02.2023 00:00:00.000,1825.035,1833.685,1817.395,1823.115,27228300.0353
24.02.2023 00:00:00.000,1823.115,1827.715,1808.865,1810.665,27282500.1924
25.02.2023 00:00:00.000,1810.665,1810.665,1810.665,1810.665,0
26.02.2023 00:00:00.000,1810.758,1812.985,1810.004,1811.625,613259.9711
27.02.2023 00:00:00.000,1811.615,1820.055,1806.538,1817.105,24187729.865299996
28.02.2023 00:00:00.000,1817.105,1831.045,1804.594,1825.395,27909399.83720001
01.03.2023 00:00:00.000,1825.374,1844.408,1822.938,1836.475,28492219.987399977
02.03.2023 00:00:00.000,1836.455,1838.865,1829.854,1837.765,31958659.977700002
03.03.2023 00:00:00.000,1837.755,1849.135,1837.675,1844.444,14.578786000020138